id,domain,y_true,y_score,detector_name,text_len
439.txt,essay,1,0.9991395091311303,ghostbuster-open,4713
981.txt,essay,1,0.9997124850963397,ghostbuster-open,2650
454.txt,essay,1,0.9999698515702601,ghostbuster-open,2896
313.txt,wp,0,7.054952142670683e-05,ghostbuster-open,9254
416.txt,essay,1,0.9997891063116533,ghostbuster-open,5251
587.txt,wp,0,0.0007342671944230424,ghostbuster-open,714
14.txt,reuter,0,0.0021775950841678134,ghostbuster-open,2885
4.txt,reuter,0,0.15288555068953122,ghostbuster-open,2245
511.txt,wp,1,0.9994391398631317,ghostbuster-open,2769
16.txt,reuter,1,0.9997048803353399,ghostbuster-open,2072
911.txt,wp,1,0.9944194269157134,ghostbuster-open,3885
682.txt,essay,0,0.0009669397833438599,ghostbuster-open,2257
424.txt,wp,0,0.000910264903620558,ghostbuster-open,6182
68.txt,essay,0,0.0009773523836451518,ghostbuster-open,1785
15.txt,reuter,0,0.06545274346593735,ghostbuster-open,3306
17.txt,reuter,0,0.00026842711812177127,ghostbuster-open,3899
258.txt,essay,0,0.003310412071193993,ghostbuster-open,1435
756.txt,wp,1,0.9883385954208904,ghostbuster-open,4647
504.txt,essay,0,1.4924251405698695e-15,ghostbuster-open,3566
16.txt,reuter,1,0.9987296761185023,ghostbuster-open,1884
13.txt,reuter,1,0.9978660020288148,ghostbuster-open,3568
16.txt,reuter,1,0.9997756254447575,ghostbuster-open,2895
12.txt,reuter,0,0.004485232330101832,ghostbuster-open,2642
14.txt,reuter,0,0.004729172621786945,ghostbuster-open,2986
900.txt,essay,0,2.805267992096711e-07,ghostbuster-open,11133
684.txt,essay,0,6.3059710653931785e-15,ghostbuster-open,3567
13.txt,reuter,1,0.9995367012308055,ghostbuster-open,2169
809.txt,essay,0,1.280195672565705e-16,ghostbuster-open,4040
261.txt,wp,1,0.9850819017479531,ghostbuster-open,5261
9.txt,reuter,1,0.9997739975383292,ghostbuster-open,2064
77.txt,essay,0,0.0006442101518975792,ghostbuster-open,1961
467.txt,essay,1,0.9993911538291848,ghostbuster-open,3051
399.txt,wp,1,0.9902391279031576,ghostbuster-open,3768
563.txt,essay,0,3.2031886619647127e-07,ghostbuster-open,1941
304.txt,wp,1,0.9755638565771539,ghostbuster-open,3958
1.txt,reuter,0,0.08631578249262588,ghostbuster-open,2906
15.txt,reuter,0,0.000676171863759798,ghostbuster-open,3901
58.txt,wp,1,0.9913499927343892,ghostbuster-open,2431
15.txt,reuter,1,0.999349577957446,ghostbuster-open,3099
20.txt,reuter,1,0.9996639091150928,ghostbuster-open,4183
14.txt,reuter,0,0.012591828005433589,ghostbuster-open,1284
963.txt,wp,0,0.07270604174236613,ghostbuster-open,3257
3.txt,reuter,1,0.9960317134318666,ghostbuster-open,2367
246.txt,wp,1,0.9922584864855594,ghostbuster-open,2544
519.txt,essay,0,0.006254572086118557,ghostbuster-open,8858
374.txt,wp,1,0.9955250506704607,ghostbuster-open,2477
3.txt,reuter,0,0.10535775966101842,ghostbuster-open,4274
616.txt,wp,1,0.9213380521558063,ghostbuster-open,2965
11.txt,reuter,1,0.28008004543556275,ghostbuster-open,3727
4.txt,reuter,1,0.9841471016734928,ghostbuster-open,3079
17.txt,reuter,0,0.004477741113918466,ghostbuster-open,3107
72.txt,essay,1,0.9831672514783418,ghostbuster-open,4844
871.txt,wp,1,0.996777241688706,ghostbuster-open,2851
417.txt,essay,0,2.932280737503115e-16,ghostbuster-open,2864
5.txt,reuter,1,0.9993089879448046,ghostbuster-open,3340
791.txt,wp,0,3.520752704928543e-06,ghostbuster-open,1782
10.txt,reuter,0,0.02583706905009086,ghostbuster-open,2430
1.txt,reuter,1,0.9935185230590058,ghostbuster-open,3301
13.txt,reuter,1,0.9980966341705118,ghostbuster-open,3639
288.txt,essay,0,8.2387921284215e-05,ghostbuster-open,1681
633.txt,wp,1,0.9998219698398152,ghostbuster-open,1601
960.txt,wp,0,0.000988383956931245,ghostbuster-open,623
3.txt,reuter,0,0.01882279128455913,ghostbuster-open,3263
18.txt,reuter,0,0.01135523336804976,ghostbuster-open,3711
242.txt,essay,1,0.999654169292803,ghostbuster-open,3081
8.txt,reuter,1,0.9997640163359028,ghostbuster-open,3485
797.txt,essay,0,3.1368261026395702e-06,ghostbuster-open,2082
149.txt,wp,0,0.0049966409566816385,ghostbuster-open,6873
1.txt,reuter,1,0.9995098822021202,ghostbuster-open,1944
490.txt,wp,1,0.9999547539546068,ghostbuster-open,618
42.txt,essay,1,0.9958856688678859,ghostbuster-open,5104
577.txt,essay,0,0.0007901016744257307,ghostbuster-open,1905
15.txt,wp,1,0.972272790982393,ghostbuster-open,4408
324.txt,essay,0,7.064981007265584e-05,ghostbuster-open,2533
145.txt,essay,1,0.9941871577204436,ghostbuster-open,7181
152.txt,wp,0,0.002599325880665184,ghostbuster-open,5763
13.txt,wp,0,0.0036843970933273023,ghostbuster-open,3017
556.txt,essay,1,0.9973641181287928,ghostbuster-open,3290
4.txt,reuter,1,0.9964347536355754,ghostbuster-open,4114
507.txt,essay,0,0.004334684196449015,ghostbuster-open,1090
561.txt,essay,1,0.9996074878318015,ghostbuster-open,5974
11.txt,reuter,1,0.99964866335566,ghostbuster-open,3162
657.txt,essay,0,7.786184925805531e-16,ghostbuster-open,3593
279.txt,wp,1,0.9897773932432772,ghostbuster-open,3503
14.txt,reuter,0,0.14284817843812395,ghostbuster-open,3107
423.txt,essay,0,0.006460604212602658,ghostbuster-open,1857
7.txt,reuter,1,0.9927679169276503,ghostbuster-open,2338
565.txt,wp,1,0.9760241710995465,ghostbuster-open,2841
960.txt,essay,0,0.0002474033581577787,ghostbuster-open,15332
76.txt,wp,0,0.0013404038027552546,ghostbuster-open,5378
147.txt,essay,1,0.9998036476238182,ghostbuster-open,2993
4.txt,reuter,0,0.006072879245552032,ghostbuster-open,3724
488.txt,essay,0,1.0364532165084753e-05,ghostbuster-open,1556
6.txt,reuter,0,0.001059499552882817,ghostbuster-open,3117
170.txt,essay,0,8.449336489079791e-17,ghostbuster-open,4038
160.txt,essay,0,5.946453430511839e-15,ghostbuster-open,3652
898.txt,wp,0,0.01845221288962567,ghostbuster-open,2156
543.txt,wp,0,0.0010691195759870021,ghostbuster-open,3557
620.txt,wp,0,0.010125371048457957,ghostbuster-open,4711
278.txt,essay,0,8.123964129346801e-08,ghostbuster-open,3418
3.txt,essay,1,0.9998616941382075,ghostbuster-open,2516
218.txt,wp,1,0.9987932259856478,ghostbuster-open,3562
29.txt,wp,0,0.003222800077559835,ghostbuster-open,2955
156.txt,wp,1,0.9929816918328538,ghostbuster-open,2532
3.txt,reuter,1,0.9994242614757762,ghostbuster-open,6598
252.txt,essay,0,1.164250302171533e-10,ghostbuster-open,3728
778.txt,essay,1,0.9987692979039888,ghostbuster-open,4904
6.txt,reuter,1,0.9992537400609491,ghostbuster-open,2827
603.txt,essay,1,0.9960609945518787,ghostbuster-open,2843
101.txt,wp,1,0.9945604152055225,ghostbuster-open,3987
407.txt,essay,0,8.868283209618963e-08,ghostbuster-open,2081
701.txt,essay,1,0.9991002477548008,ghostbuster-open,4777
9.txt,reuter,0,0.09432464481781547,ghostbuster-open,2362
142.txt,essay,0,1.9021033859986618e-14,ghostbuster-open,5572
15.txt,reuter,1,0.9999897101382083,ghostbuster-open,2455
266.txt,wp,0,0.0026324662250365107,ghostbuster-open,3406
5.txt,reuter,0,0.0009733140346726748,ghostbuster-open,2505
13.txt,reuter,1,0.9999320225996493,ghostbuster-open,3221
6.txt,reuter,0,0.0457078372681881,ghostbuster-open,2619
667.txt,wp,1,0.9923181674275172,ghostbuster-open,2502
375.txt,wp,1,0.9942261619741627,ghostbuster-open,2891
801.txt,wp,1,0.9924615044914031,ghostbuster-open,3362
11.txt,reuter,0,0.0039250148548731515,ghostbuster-open,3042
689.txt,wp,1,0.07900626245024608,ghostbuster-open,1329
3.txt,reuter,1,0.9966360745232323,ghostbuster-open,3392
213.txt,essay,0,2.6470828813589694e-15,ghostbuster-open,3635
21.txt,wp,1,0.8625148309551655,ghostbuster-open,4804
5.txt,wp,0,0.0004838233786331867,ghostbuster-open,4290
6.txt,reuter,1,0.9989441721614307,ghostbuster-open,3375
606.txt,essay,1,0.9929238023868173,ghostbuster-open,4675
602.txt,essay,0,1.1097195339211282e-06,ghostbuster-open,1770
12.txt,reuter,0,0.00038497943941586733,ghostbuster-open,4508
972.txt,essay,1,0.9954162500983695,ghostbuster-open,4673
16.txt,reuter,1,0.9993716769808698,ghostbuster-open,4185
711.txt,wp,1,0.9995626618799556,ghostbuster-open,2843
1.txt,reuter,0,0.0014449249715872872,ghostbuster-open,3604
5.txt,reuter,1,0.9703376402442638,ghostbuster-open,3835
10.txt,reuter,0,0.0010893633594387382,ghostbuster-open,2892
317.txt,wp,0,0.001679322952192458,ghostbuster-open,3766
546.txt,essay,0,9.035938667531097e-08,ghostbuster-open,3743
12.txt,reuter,1,0.8962179358307323,ghostbuster-open,3799
419.txt,essay,1,0.9971681449760135,ghostbuster-open,2744
5.txt,reuter,0,0.050432787993965014,ghostbuster-open,2995
18.txt,reuter,1,0.9963084843559763,ghostbuster-open,2707
590.txt,essay,0,7.622581387417037e-08,ghostbuster-open,9678
692.txt,wp,1,0.9888226085007531,ghostbuster-open,4199
738.txt,essay,0,5.4283663730686194e-14,ghostbuster-open,3054
3.txt,reuter,0,0.0001404567120005705,ghostbuster-open,3479
609.txt,essay,0,3.2394566510841e-14,ghostbuster-open,1938
366.txt,wp,1,0.9888972348609082,ghostbuster-open,3377
705.txt,wp,1,0.9482453554478013,ghostbuster-open,5195
20.txt,reuter,0,0.09792963080087982,ghostbuster-open,2509
5.txt,reuter,1,0.9998895974161703,ghostbuster-open,3214
649.txt,wp,0,0.00282942117757059,ghostbuster-open,4817
465.txt,wp,1,0.999328559446057,ghostbuster-open,2029
4.txt,reuter,0,0.1493426915415883,ghostbuster-open,3260
20.txt,reuter,1,0.999485156702625,ghostbuster-open,3111
434.txt,wp,0,0.03655175001667795,ghostbuster-open,4557
11.txt,reuter,1,0.9984169157374534,ghostbuster-open,2679
20.txt,reuter,1,0.9994554851085846,ghostbuster-open,4176
364.txt,essay,1,0.9996492407918673,ghostbuster-open,5350
29.txt,essay,1,0.9993947725547642,ghostbuster-open,5683
781.txt,essay,0,1.6989380060744345e-07,ghostbuster-open,3601
310.txt,wp,0,0.001275694293947061,ghostbuster-open,1538
408.txt,wp,1,0.7702618382970725,ghostbuster-open,1726
10.txt,reuter,0,0.003812628852620638,ghostbuster-open,3167
295.txt,wp,1,0.9928338851662364,ghostbuster-open,4336
798.txt,wp,1,0.8318803307889004,ghostbuster-open,3900
547.txt,wp,1,0.9800649087832166,ghostbuster-open,3004
675.txt,essay,1,0.9989358967848014,ghostbuster-open,3464
7.txt,reuter,0,0.010769121996094264,ghostbuster-open,2383
671.txt,essay,0,1.7099910694331092e-15,ghostbuster-open,3899
284.txt,essay,0,1.6961565732707004e-13,ghostbuster-open,4231
558.txt,wp,0,0.006462716687609037,ghostbuster-open,1625
650.txt,wp,1,0.9998250962792579,ghostbuster-open,1730
66.txt,wp,1,0.9983638210768261,ghostbuster-open,4427
14.txt,reuter,0,0.031146541615780343,ghostbuster-open,2851
12.txt,reuter,1,0.9195875701014102,ghostbuster-open,1809
20.txt,reuter,1,0.9948490164884518,ghostbuster-open,2979
169.txt,wp,0,4.8962835641365576e-05,ghostbuster-open,2113
7.txt,reuter,0,4.489308773362988e-05,ghostbuster-open,2188
24.txt,essay,1,0.9948003130584869,ghostbuster-open,5989
4.txt,reuter,0,0.017988169444498808,ghostbuster-open,3352
467.txt,essay,0,2.5515659068533606e-09,ghostbuster-open,2218
9.txt,reuter,1,0.9998888108668821,ghostbuster-open,2701
734.txt,essay,1,0.9955195731754529,ghostbuster-open,3126
919.txt,wp,0,0.006438059639425226,ghostbuster-open,2582
8.txt,reuter,1,0.8902626759468074,ghostbuster-open,3475
726.txt,wp,0,0.00184526189437842,ghostbuster-open,5530
15.txt,reuter,0,0.14807816768138685,ghostbuster-open,1813
604.txt,essay,0,0.0008995508847605025,ghostbuster-open,1913
425.txt,wp,0,0.07576917013033482,ghostbuster-open,2309
857.txt,wp,1,0.9672381542474898,ghostbuster-open,3571
236.txt,wp,1,0.9972763119416028,ghostbuster-open,2302
422.txt,wp,1,0.9304218064880313,ghostbuster-open,2809
580.txt,essay,1,0.9997501487627668,ghostbuster-open,4979
15.txt,reuter,1,0.9994416687554526,ghostbuster-open,2875
11.txt,reuter,1,0.9985992804655254,ghostbuster-open,3340
506.txt,essay,1,0.9985410909707678,ghostbuster-open,4223
950.txt,essay,1,0.9880013906487803,ghostbuster-open,3741
3.txt,reuter,0,0.03587736156399157,ghostbuster-open,3483
989.txt,essay,1,0.999147287019726,ghostbuster-open,3429
69.txt,essay,1,0.998707408168493,ghostbuster-open,3051
173.txt,wp,0,0.00010089588176421586,ghostbuster-open,2665
17.txt,wp,0,0.0007904699040137579,ghostbuster-open,4387
695.txt,wp,0,0.0038340674771576155,ghostbuster-open,3021
390.txt,wp,0,0.05744782160528152,ghostbuster-open,3057
495.txt,wp,1,0.9930645661836299,ghostbuster-open,3511
458.txt,essay,1,0.9994921600590263,ghostbuster-open,3078
892.txt,essay,1,0.9221008006340657,ghostbuster-open,3774
215.txt,wp,1,0.9999952552946677,ghostbuster-open,568
3.txt,reuter,0,0.001150581955755006,ghostbuster-open,3760
6.txt,reuter,0,0.00013492675080653877,ghostbuster-open,2375
826.txt,wp,0,0.013383589576684484,ghostbuster-open,596
558.txt,wp,1,0.9893685205706412,ghostbuster-open,2521
14.txt,reuter,1,0.9989884853453967,ghostbuster-open,3409
3.txt,reuter,0,0.009932458494885532,ghostbuster-open,3382
6.txt,reuter,0,5.1137194544912225e-05,ghostbuster-open,3263
18.txt,reuter,1,0.9997156828726288,ghostbuster-open,3425
69.txt,wp,0,0.0010800728598953937,ghostbuster-open,5530
19.txt,reuter,1,0.9985387292744043,ghostbuster-open,3644
865.txt,essay,1,0.9987285133929648,ghostbuster-open,3209
871.txt,wp,0,0.011577411554163999,ghostbuster-open,2552
443.txt,wp,1,0.992694470321393,ghostbuster-open,4105
474.txt,essay,1,0.999913465031395,ghostbuster-open,2954
194.txt,essay,1,0.9998808796844555,ghostbuster-open,3134
945.txt,essay,0,8.341642165005509e-15,ghostbuster-open,3743
849.txt,wp,0,0.0005640720843633577,ghostbuster-open,7075
16.txt,reuter,0,0.2233559841378881,ghostbuster-open,3684
651.txt,wp,1,0.9997686971377322,ghostbuster-open,4677
7.txt,reuter,1,0.9998147605874645,ghostbuster-open,2668
602.txt,essay,1,0.9997712899598884,ghostbuster-open,3228
6.txt,reuter,1,0.9784390940345491,ghostbuster-open,2893
290.txt,wp,0,0.0010283506160583269,ghostbuster-open,1766
1.txt,reuter,0,0.0006136497495690948,ghostbuster-open,4617
216.txt,wp,0,0.06440678992771279,ghostbuster-open,561
16.txt,reuter,1,0.9995846202310386,ghostbuster-open,3764
580.txt,essay,0,7.708818003832596e-17,ghostbuster-open,4217
984.txt,essay,1,0.9998080957392261,ghostbuster-open,2232
13.txt,reuter,0,0.0013533472308594346,ghostbuster-open,1993
16.txt,reuter,1,0.9843821525145684,ghostbuster-open,3383
1.txt,reuter,1,0.9966271106170319,ghostbuster-open,4378
953.txt,essay,0,1.822043518231097e-15,ghostbuster-open,3550
501.txt,wp,0,0.0007954149521994848,ghostbuster-open,8821
14.txt,reuter,1,0.5104544759516272,ghostbuster-open,4337
728.txt,wp,0,7.512645931314604e-05,ghostbuster-open,1395
191.txt,wp,0,0.0004179775839933678,ghostbuster-open,1939
568.txt,essay,1,0.9999132764955802,ghostbuster-open,3270
57.txt,wp,0,0.0002943794996755341,ghostbuster-open,1374
7.txt,reuter,1,0.9998903772014456,ghostbuster-open,3298
2.txt,reuter,1,0.9979621764394672,ghostbuster-open,2906
190.txt,wp,1,0.9994314565772935,ghostbuster-open,4134
838.txt,wp,1,0.9946360719869247,ghostbuster-open,4177
472.txt,wp,1,0.9996110265273389,ghostbuster-open,4074
247.txt,wp,0,0.00021583759813162892,ghostbuster-open,1273
597.txt,essay,1,0.9989512356547203,ghostbuster-open,2539
17.txt,reuter,1,0.9951834983028869,ghostbuster-open,1376
184.txt,essay,1,0.999959060685027,ghostbuster-open,2946
1000.txt,essay,1,0.9998757556858454,ghostbuster-open,5378
18.txt,reuter,1,0.9985461066057741,ghostbuster-open,4099
257.txt,essay,1,0.9999958510305114,ghostbuster-open,2651
5.txt,reuter,0,0.0007596671314543451,ghostbuster-open,3430
12.txt,reuter,1,0.9997914827695581,ghostbuster-open,3139
11.txt,reuter,1,0.9980042160540661,ghostbuster-open,2891
9.txt,reuter,0,0.0012602664411031934,ghostbuster-open,2594
454.txt,wp,0,0.0037193505295111833,ghostbuster-open,2254
661.txt,wp,0,0.14501586787905055,ghostbuster-open,1828
810.txt,essay,0,7.018639486827642e-06,ghostbuster-open,1749
7.txt,reuter,1,0.999911728572035,ghostbuster-open,2755
951.txt,wp,0,3.099304943880073e-06,ghostbuster-open,682
784.txt,wp,0,0.00010700528974272945,ghostbuster-open,1978
19.txt,reuter,1,0.9990669104806443,ghostbuster-open,3092
9.txt,reuter,0,0.0016317994488954796,ghostbuster-open,2537
498.txt,wp,1,0.9990053206088959,ghostbuster-open,1832
133.txt,essay,0,2.1191761191829553e-16,ghostbuster-open,3701
68.txt,wp,0,0.009935794271552832,ghostbuster-open,4275
879.txt,essay,0,4.8375974085962523e-17,ghostbuster-open,6091
572.txt,essay,0,1.5965322469309643e-06,ghostbuster-open,1740
893.txt,wp,1,0.9056946247178794,ghostbuster-open,1505
88.txt,essay,0,3.0738009072968995e-10,ghostbuster-open,13921
11.txt,reuter,1,0.5955006146772308,ghostbuster-open,3104
731.txt,essay,1,0.9999867771576101,ghostbuster-open,2899
230.txt,essay,0,1.1748463519725547e-05,ghostbuster-open,4053
8.txt,reuter,0,0.00040207581266862657,ghostbuster-open,3397
10.txt,reuter,0,0.005489630694359391,ghostbuster-open,3449
752.txt,essay,1,0.9993651745221293,ghostbuster-open,6722
11.txt,reuter,0,0.0031254632372012007,ghostbuster-open,4702
371.txt,essay,1,0.9986233320785001,ghostbuster-open,2502
15.txt,reuter,0,0.0007607768841573518,ghostbuster-open,5869
158.txt,essay,0,1.695256569081864e-16,ghostbuster-open,2642
16.txt,reuter,0,0.017728620321068568,ghostbuster-open,2250
285.txt,essay,0,3.699341931952851e-05,ghostbuster-open,3312
17.txt,reuter,1,0.9999188088621599,ghostbuster-open,3709
263.txt,wp,0,0.0009718553270617398,ghostbuster-open,1289
6.txt,reuter,1,0.999890177174575,ghostbuster-open,1883
15.txt,essay,0,1.9191481634388213e-16,ghostbuster-open,3373
737.txt,essay,0,0.00011449253716476387,ghostbuster-open,2655
250.txt,wp,1,0.9043484875632775,ghostbuster-open,2766
512.txt,essay,1,0.9986189881891226,ghostbuster-open,4170
616.txt,essay,1,0.9999716682157924,ghostbuster-open,5400
739.txt,wp,1,0.9922735681086705,ghostbuster-open,2982
366.txt,essay,1,0.999644451791235,ghostbuster-open,3488
259.txt,wp,1,0.9631212842098739,ghostbuster-open,4183
18.txt,reuter,0,0.024780496589574107,ghostbuster-open,5706
20.txt,reuter,0,0.0017553549975075737,ghostbuster-open,1872
456.txt,wp,0,0.0016621941207374702,ghostbuster-open,3925
360.txt,wp,1,0.9985784305596912,ghostbuster-open,1779
10.txt,reuter,1,0.9964812853554383,ghostbuster-open,3587
2.txt,reuter,1,0.9975391633864504,ghostbuster-open,3445
8.txt,reuter,1,0.9996861712571532,ghostbuster-open,3115
666.txt,wp,1,0.9837647919406971,ghostbuster-open,4298
6.txt,reuter,1,0.9984664417014557,ghostbuster-open,2788
177.txt,essay,0,0.00045907815843614406,ghostbuster-open,1922
359.txt,wp,1,0.516464538522974,ghostbuster-open,2394
16.txt,reuter,1,0.9973505641275103,ghostbuster-open,3940
209.txt,essay,1,0.9978407608328675,ghostbuster-open,3890
91.txt,wp,0,0.0003366321522375483,ghostbuster-open,2394
17.txt,reuter,1,0.9787948603348164,ghostbuster-open,3707
612.txt,wp,0,0.0012907144011663652,ghostbuster-open,2126
997.txt,essay,1,0.9999704490471327,ghostbuster-open,6363
59.txt,essay,0,2.653129591689255e-16,ghostbuster-open,4577
391.txt,essay,1,0.9990801591991101,ghostbuster-open,5247
15.txt,reuter,1,0.9990472208809658,ghostbuster-open,3625
18.txt,reuter,0,0.0037570488653004353,ghostbuster-open,1469
264.txt,essay,1,0.9999668552815895,ghostbuster-open,4511
758.txt,essay,1,0.9983615796097653,ghostbuster-open,3969
739.txt,essay,1,0.9999773904079863,ghostbuster-open,2701
886.txt,wp,1,0.9812768231281439,ghostbuster-open,3947
505.txt,essay,0,2.4973098643921853e-12,ghostbuster-open,2094
732.txt,essay,0,0.00010472448824880751,ghostbuster-open,3972
11.txt,reuter,0,0.006454271855669352,ghostbuster-open,3431
40.txt,essay,0,0.0032902211302181386,ghostbuster-open,1727
2.txt,reuter,1,0.9723142425660871,ghostbuster-open,3311
92.txt,essay,1,0.9999952071614245,ghostbuster-open,2538
558.txt,essay,1,0.9998296639528143,ghostbuster-open,2272
16.txt,reuter,0,0.00036326984564822494,ghostbuster-open,2044
7.txt,reuter,1,0.999898988002346,ghostbuster-open,3073
365.txt,essay,1,0.999687424271481,ghostbuster-open,2481
521.txt,essay,0,3.2169209693301124e-05,ghostbuster-open,1276
14.txt,reuter,1,0.9482182594609343,ghostbuster-open,2996
854.txt,essay,1,0.9994834498002259,ghostbuster-open,4915
5.txt,reuter,1,0.9997320680178824,ghostbuster-open,2455
20.txt,reuter,1,0.999862562265432,ghostbuster-open,2786
942.txt,wp,1,0.9966756218650547,ghostbuster-open,665
388.txt,wp,1,0.9993267603583196,ghostbuster-open,1854
210.txt,wp,1,0.9328338596404052,ghostbuster-open,1554
2.txt,reuter,0,0.7327452245088615,ghostbuster-open,1865
573.txt,wp,1,0.9906996961531475,ghostbuster-open,703
841.txt,essay,0,4.65230188534585e-06,ghostbuster-open,3750
8.txt,reuter,0,0.0031992897646814364,ghostbuster-open,3355
5.txt,reuter,0,0.005453637429553337,ghostbuster-open,2586
7.txt,reuter,1,0.9827316110988334,ghostbuster-open,2676
718.txt,essay,1,0.99992147342936,ghostbuster-open,2494
466.txt,wp,1,0.9703639550836529,ghostbuster-open,1707
20.txt,reuter,1,0.9627260033533785,ghostbuster-open,3100
7.txt,reuter,1,0.9967270707226443,ghostbuster-open,2637
766.txt,essay,1,0.9999602853171632,ghostbuster-open,4642
13.txt,reuter,0,0.015635865263052613,ghostbuster-open,2250
529.txt,essay,0,5.085160607769592e-11,ghostbuster-open,3954
18.txt,reuter,1,0.9991600673182033,ghostbuster-open,2924
18.txt,reuter,0,0.0008871151786368414,ghostbuster-open,1971
550.txt,wp,1,0.9978371168163329,ghostbuster-open,1783
8.txt,reuter,0,0.031465525751133205,ghostbuster-open,3163
387.txt,wp,1,0.9968134211065429,ghostbuster-open,2389
807.txt,essay,0,0.0003333743840274411,ghostbuster-open,1796
308.txt,wp,1,0.9909811119408319,ghostbuster-open,2615
6.txt,reuter,0,0.0045561931662702814,ghostbuster-open,3280
799.txt,essay,0,5.167311210102187e-13,ghostbuster-open,3270
665.txt,wp,1,0.947857566223947,ghostbuster-open,5033
18.txt,reuter,0,0.027977341176448983,ghostbuster-open,2899
209.txt,wp,0,5.799916720334478e-05,ghostbuster-open,3515
4.txt,reuter,0,0.11745085358684529,ghostbuster-open,2346
78.txt,essay,0,8.67382836671008e-11,ghostbuster-open,1756
815.txt,wp,1,0.9978537245788267,ghostbuster-open,4534
11.txt,reuter,1,0.9990700839629184,ghostbuster-open,2902
19.txt,reuter,0,3.3623994784667204e-05,ghostbuster-open,3929
639.txt,essay,0,0.0012756335152943523,ghostbuster-open,2113
392.txt,essay,0,6.060744383565465e-13,ghostbuster-open,13506
997.txt,essay,0,6.299437862439886e-08,ghostbuster-open,5396
788.txt,wp,0,1.9166037353957923e-06,ghostbuster-open,780
467.txt,wp,1,0.9991740110203192,ghostbuster-open,4197
480.txt,essay,1,0.9711578093286557,ghostbuster-open,5116
17.txt,reuter,0,0.21068090376581705,ghostbuster-open,2543
77.txt,wp,1,0.9864323963360686,ghostbuster-open,4601
6.txt,reuter,1,0.9996293395644106,ghostbuster-open,3669
894.txt,essay,0,0.0022862502056963194,ghostbuster-open,1836
717.txt,essay,1,0.9999805029507142,ghostbuster-open,2911
684.txt,essay,1,0.9998399299194112,ghostbuster-open,3998
268.txt,essay,1,0.9999259188973528,ghostbuster-open,4474
564.txt,essay,0,0.00014363962912626154,ghostbuster-open,1880
873.txt,essay,1,0.9963039945311319,ghostbuster-open,4277
885.txt,wp,1,0.6875335407197589,ghostbuster-open,2661
4.txt,reuter,0,0.038206389876351256,ghostbuster-open,3032
8.txt,reuter,0,0.0019044396920789553,ghostbuster-open,2372
817.txt,wp,0,0.04951499229256503,ghostbuster-open,1210
945.txt,essay,1,0.9998906426399234,ghostbuster-open,4323
662.txt,wp,0,0.009717618981461982,ghostbuster-open,1080
630.txt,essay,0,5.618105150762817e-07,ghostbuster-open,2256
500.txt,essay,1,0.9994502839685353,ghostbuster-open,4860
653.txt,wp,1,0.9970823312968925,ghostbuster-open,3169
802.txt,wp,1,0.9002536523588633,ghostbuster-open,2989
15.txt,reuter,0,0.0011215181281341365,ghostbuster-open,4361
90.txt,wp,1,0.9874192781320688,ghostbuster-open,2332
81.txt,wp,0,6.187964688533101e-05,ghostbuster-open,1324
104.txt,wp,0,0.0008700061068724107,ghostbuster-open,1144
4.txt,reuter,0,0.0164282065259366,ghostbuster-open,3731
838.txt,essay,1,0.9994310132061835,ghostbuster-open,6073
6.txt,reuter,0,0.029089681734656814,ghostbuster-open,3127
1.txt,reuter,0,0.0012387613376923859,ghostbuster-open,3443
450.txt,essay,1,0.856267476130577,ghostbuster-open,4348
474.txt,wp,0,0.0005641429258306822,ghostbuster-open,3364
767.txt,wp,0,0.0023937275236047334,ghostbuster-open,1973
16.txt,reuter,0,0.013193978523936781,ghostbuster-open,3710
628.txt,essay,0,2.4182160103529837e-07,ghostbuster-open,11288
3.txt,reuter,1,0.9991879823127363,ghostbuster-open,3583
917.txt,wp,1,0.9987546631098201,ghostbuster-open,3118
840.txt,wp,0,0.0005221538463454882,ghostbuster-open,904
517.txt,essay,1,0.99981232194904,ghostbuster-open,2927
202.txt,wp,0,0.00302779319253763,ghostbuster-open,1294
531.txt,wp,1,0.9957220661032281,ghostbuster-open,2954
912.txt,wp,1,0.996203891241772,ghostbuster-open,3712
6.txt,reuter,1,0.9977398147893835,ghostbuster-open,3007
867.txt,essay,1,0.9998083716147512,ghostbuster-open,3769
700.txt,essay,0,0.0021271921278956628,ghostbuster-open,1989
446.txt,essay,1,0.9846479583718072,ghostbuster-open,5167
9.txt,reuter,1,0.9992684443123325,ghostbuster-open,3151
12.txt,wp,1,0.9318834185827759,ghostbuster-open,3227
631.txt,wp,0,0.7746191190712154,ghostbuster-open,2673
397.txt,essay,1,0.9993695013982924,ghostbuster-open,4792
581.txt,essay,1,0.9978299303821861,ghostbuster-open,4324
11.txt,reuter,0,0.03396765136245302,ghostbuster-open,1926
1.txt,reuter,1,0.980380612699836,ghostbuster-open,2251
195.txt,wp,1,0.9994640085847027,ghostbuster-open,1443
14.txt,reuter,1,0.9993310257691934,ghostbuster-open,3606
17.txt,reuter,0,0.02223165597375269,ghostbuster-open,4621
816.txt,wp,1,0.9872875837055325,ghostbuster-open,4674
556.txt,wp,1,0.9990086033710824,ghostbuster-open,3764
212.txt,wp,0,8.510718118416951e-05,ghostbuster-open,1443
720.txt,essay,0,0.00014336113650259517,ghostbuster-open,1899
77.txt,essay,1,0.9995572534773437,ghostbuster-open,2658
7.txt,reuter,0,0.019437906184218045,ghostbuster-open,2760
461.txt,wp,0,0.03972633430176789,ghostbuster-open,4640
233.txt,wp,0,0.0011853066893086272,ghostbuster-open,3103
906.txt,essay,1,0.9999835862926739,ghostbuster-open,4650
13.txt,reuter,0,7.541704206224301e-05,ghostbuster-open,2175
11.txt,reuter,0,0.0029721357209592444,ghostbuster-open,3876
154.txt,wp,0,0.07174811012558907,ghostbuster-open,797
13.txt,reuter,0,0.0027401880334341246,ghostbuster-open,3113
270.txt,essay,0,8.131624740165879e-12,ghostbuster-open,7161
18.txt,reuter,1,0.9998048945518079,ghostbuster-open,3771
7.txt,reuter,1,0.9959774936115906,ghostbuster-open,3799
148.txt,essay,1,0.9965132656954989,ghostbuster-open,4352
380.txt,essay,1,0.9997092529541451,ghostbuster-open,4946
617.txt,wp,1,0.9939906610625944,ghostbuster-open,2627
20.txt,reuter,1,0.9997625454394694,ghostbuster-open,4300
736.txt,essay,0,3.5673171382717183e-06,ghostbuster-open,4059
19.txt,reuter,1,0.997532810050647,ghostbuster-open,3652
14.txt,reuter,1,0.9998099796199458,ghostbuster-open,3160
3.txt,reuter,0,0.015537596691328698,ghostbuster-open,4250
398.txt,essay,0,3.5294500943907006e-08,ghostbuster-open,1862
6.txt,reuter,1,0.995725609380624,ghostbuster-open,3187
299.txt,wp,0,0.0004630324392544639,ghostbuster-open,2862
839.txt,essay,1,0.9985164822005009,ghostbuster-open,4116
206.txt,wp,0,0.00020494827453045424,ghostbuster-open,2979
1.txt,reuter,0,0.08250538136054893,ghostbuster-open,3002
4.txt,reuter,1,0.9805046064126683,ghostbuster-open,3844
359.txt,essay,0,1.001821994919903e-09,ghostbuster-open,4299
12.txt,reuter,0,0.014199296058779984,ghostbuster-open,3506
261.txt,wp,0,0.0019001634835337608,ghostbuster-open,5250
535.txt,essay,0,3.7710437264778175e-09,ghostbuster-open,2113
970.txt,wp,0,0.00013084117080053846,ghostbuster-open,3577
663.txt,wp,0,0.48838286739372494,ghostbuster-open,1881
788.txt,essay,0,1.8813183345763528e-15,ghostbuster-open,3964
19.txt,reuter,1,0.9998803442332924,ghostbuster-open,2825
901.txt,essay,1,0.9915709481104132,ghostbuster-open,6716
4.txt,reuter,1,0.9810192371820481,ghostbuster-open,2774
427.txt,wp,1,0.9998500522294694,ghostbuster-open,673
483.txt,essay,0,8.468043053252866e-09,ghostbuster-open,26699
103.txt,essay,0,1.71795626797746e-14,ghostbuster-open,2373
651.txt,wp,0,0.008956035482052238,ghostbuster-open,4363
8.txt,reuter,1,0.9998376288701344,ghostbuster-open,3583
338.txt,wp,0,0.00931126390608845,ghostbuster-open,1825
10.txt,reuter,1,0.9980470936346224,ghostbuster-open,3454
3.txt,reuter,1,0.9863033353758569,ghostbuster-open,3742
938.txt,wp,1,0.9628157991824684,ghostbuster-open,2660
9.txt,reuter,0,0.02934789988449641,ghostbuster-open,3652
19.txt,reuter,1,0.979548088944119,ghostbuster-open,3370
825.txt,wp,1,0.9990779111627329,ghostbuster-open,3572
300.txt,wp,0,0.23472217998701103,ghostbuster-open,499
28.txt,essay,0,2.1237620887871977e-07,ghostbuster-open,3967
957.txt,essay,1,0.9998720848325888,ghostbuster-open,3682
752.txt,essay,0,5.478417522321387e-11,ghostbuster-open,8146
17.txt,reuter,0,0.09492561993983097,ghostbuster-open,3383
969.txt,essay,0,5.56754507731748e-16,ghostbuster-open,10766
8.txt,reuter,0,0.006343788673850685,ghostbuster-open,3818
266.txt,wp,1,0.9959484485202863,ghostbuster-open,3571
12.txt,reuter,0,0.23600155610430193,ghostbuster-open,2563
132.txt,essay,0,3.4212513276432563e-16,ghostbuster-open,4103
18.txt,reuter,0,0.026264654245601295,ghostbuster-open,3956
821.txt,essay,0,2.1713159866065806e-14,ghostbuster-open,3026
15.txt,reuter,0,0.03165270632882833,ghostbuster-open,5156
565.txt,essay,1,0.9992684544763701,ghostbuster-open,2410
19.txt,reuter,0,0.0036317591856276817,ghostbuster-open,4272
18.txt,reuter,0,0.0014330498116829995,ghostbuster-open,2800
19.txt,reuter,1,0.9999598670393262,ghostbuster-open,2108
354.txt,wp,0,0.0007266504826583812,ghostbuster-open,2110
15.txt,reuter,1,0.992819259695789,ghostbuster-open,1253
927.txt,wp,0,0.04774162727067371,ghostbuster-open,2461
462.txt,essay,1,0.99794911524806,ghostbuster-open,4611
846.txt,essay,0,8.320703951868867e-08,ghostbuster-open,3709
20.txt,reuter,0,0.0030878783015760563,ghostbuster-open,2878
4.txt,reuter,0,0.0006784053039953143,ghostbuster-open,2342
975.txt,essay,1,0.9998286170818652,ghostbuster-open,6270
929.txt,wp,0,0.16853480615666236,ghostbuster-open,1574
762.txt,essay,1,0.9996816420028359,ghostbuster-open,3950
460.txt,wp,1,0.9713432810060194,ghostbuster-open,3004
844.txt,essay,1,0.9993003376836574,ghostbuster-open,2356
335.txt,essay,0,0.00011485892253996927,ghostbuster-open,1900
18.txt,reuter,0,0.04756784854512843,ghostbuster-open,3288
3.txt,reuter,0,0.0006167527538469993,ghostbuster-open,2594
196.txt,essay,0,9.091796601839243e-17,ghostbuster-open,3552
590.txt,wp,1,0.9994840240909311,ghostbuster-open,4118
654.txt,wp,0,0.005910670922599425,ghostbuster-open,1860
181.txt,wp,1,0.9996036848902439,ghostbuster-open,4038
266.txt,essay,0,0.0009350398705035972,ghostbuster-open,6232
65.txt,wp,0,2.106967690075519e-05,ghostbuster-open,4699
896.txt,wp,0,9.452896247316231e-05,ghostbuster-open,2978
957.txt,essay,0,1.2754639386128831e-06,ghostbuster-open,2593
13.txt,reuter,1,0.9999150852570986,ghostbuster-open,1986
799.txt,wp,0,0.0008063642575689108,ghostbuster-open,1289
673.txt,wp,1,0.9924567089322511,ghostbuster-open,1722
20.txt,reuter,1,0.9989905229126329,ghostbuster-open,3045
678.txt,essay,1,0.9954046410262022,ghostbuster-open,2676
87.txt,essay,1,0.9943271963304026,ghostbuster-open,4338
123.txt,wp,0,0.001385849223284464,ghostbuster-open,3467
244.txt,essay,1,0.987760095508502,ghostbuster-open,4068
1.txt,reuter,1,0.9921686603475981,ghostbuster-open,4973
13.txt,reuter,1,0.9252336418236977,ghostbuster-open,601
3.txt,reuter,1,0.9885243177038161,ghostbuster-open,2518
165.txt,wp,0,0.10590922539856318,ghostbuster-open,1443
649.txt,essay,0,5.305621006643164e-08,ghostbuster-open,3415
169.txt,essay,0,4.142137470844767e-08,ghostbuster-open,4276
14.txt,reuter,1,0.999739114441579,ghostbuster-open,2695
12.txt,reuter,1,0.9972571654771991,ghostbuster-open,2401
18.txt,reuter,0,0.06566567325119421,ghostbuster-open,3196
16.txt,reuter,0,0.12410583014407768,ghostbuster-open,2809
11.txt,reuter,0,0.0011735731289901261,ghostbuster-open,2498
624.txt,wp,1,0.9941535120296227,ghostbuster-open,2785
564.txt,wp,1,0.9907467342496421,ghostbuster-open,3517
29.txt,essay,0,2.3270704368828266e-17,ghostbuster-open,6398
17.txt,reuter,1,0.9997570126957248,ghostbuster-open,3839
163.txt,wp,1,0.992453839772676,ghostbuster-open,3043
2.txt,reuter,0,0.000467684771568635,ghostbuster-open,2729
818.txt,wp,1,0.9981323538438399,ghostbuster-open,3957
1.txt,reuter,0,0.05950304170043341,ghostbuster-open,4159
316.txt,essay,0,1.0279484029461053e-14,ghostbuster-open,3603
3.txt,reuter,0,0.04076597249601031,ghostbuster-open,2471
8.txt,reuter,1,0.9997738921013821,ghostbuster-open,2686
13.txt,reuter,1,0.9992107095198952,ghostbuster-open,2786
745.txt,essay,0,1.4799414815950324e-15,ghostbuster-open,3419
736.txt,essay,1,0.9999761814875443,ghostbuster-open,5028
15.txt,reuter,1,0.9999594551313292,ghostbuster-open,600
553.txt,essay,0,1.2372022887344998e-16,ghostbuster-open,3670
13.txt,reuter,0,0.004397669430870196,ghostbuster-open,3368
201.txt,wp,0,9.677793579939895e-05,ghostbuster-open,5675
444.txt,essay,0,0.00014682378131024914,ghostbuster-open,1825
85.txt,essay,1,0.9998223509130044,ghostbuster-open,5781
530.txt,essay,1,0.9979451510689984,ghostbuster-open,3148
11.txt,reuter,1,0.9347152753867738,ghostbuster-open,2506
6.txt,reuter,1,0.991851792030868,ghostbuster-open,3381
348.txt,essay,1,0.9931968917432169,ghostbuster-open,3879
401.txt,wp,0,0.0007158574362830526,ghostbuster-open,792
16.txt,reuter,0,0.010417002629745134,ghostbuster-open,3131
226.txt,essay,0,9.83430074758576e-07,ghostbuster-open,1943
858.txt,essay,0,7.439951311237695e-16,ghostbuster-open,10210
975.txt,wp,1,0.9798599474033383,ghostbuster-open,2430
777.txt,wp,0,0.0002752098142074132,ghostbuster-open,1196
600.txt,essay,0,3.764364087071326e-13,ghostbuster-open,1887
943.txt,wp,1,0.9283148380151424,ghostbuster-open,1495
704.txt,wp,0,0.0007367804339154555,ghostbuster-open,3421
20.txt,reuter,0,0.007522738928789105,ghostbuster-open,5345
2.txt,reuter,1,0.9843622742221736,ghostbuster-open,2480
28.txt,wp,1,0.9991287902777135,ghostbuster-open,1427
332.txt,essay,0,1.860621842389198e-15,ghostbuster-open,3943
480.txt,wp,0,6.471902328377702e-05,ghostbuster-open,2770
478.txt,essay,0,7.053169164673711e-17,ghostbuster-open,5269
5.txt,reuter,1,0.9788817838796262,ghostbuster-open,3759
697.txt,wp,0,0.06697908444116478,ghostbuster-open,1085
413.txt,wp,0,0.0047882558698304515,ghostbuster-open,2638
500.txt,wp,0,0.8819070256814063,ghostbuster-open,772
737.txt,wp,0,8.485435070777483e-05,ghostbuster-open,3119
930.txt,wp,1,0.993145345876556,ghostbuster-open,3441
298.txt,wp,1,0.9978431959004137,ghostbuster-open,1703
11.txt,reuter,1,0.9965305478141492,ghostbuster-open,3723
15.txt,reuter,0,0.03979646865793488,ghostbuster-open,3352
319.txt,essay,1,0.999697472603802,ghostbuster-open,2662
447.txt,wp,0,0.05853094775263744,ghostbuster-open,2354
16.txt,reuter,1,0.9994998342470239,ghostbuster-open,3483
401.txt,wp,1,0.9991673061665687,ghostbuster-open,726
864.txt,essay,0,0.001866787528391666,ghostbuster-open,1880
591.txt,essay,0,5.286572151409688e-16,ghostbuster-open,5679
36.txt,essay,1,0.9997360206454472,ghostbuster-open,4376
814.txt,essay,0,0.0001959348293054083,ghostbuster-open,1594
14.txt,reuter,1,0.9938752415273097,ghostbuster-open,4711
646.txt,wp,1,0.9974312335303527,ghostbuster-open,4181
846.txt,wp,0,0.05576446318577144,ghostbuster-open,659
14.txt,essay,1,0.9996469535036783,ghostbuster-open,2977
81.txt,essay,1,0.9999144021003248,ghostbuster-open,3581
8.txt,reuter,1,0.9667110603827773,ghostbuster-open,3460
76.txt,wp,1,0.9930709121934085,ghostbuster-open,5147
983.txt,essay,1,0.9987175488013115,ghostbuster-open,3335
941.txt,essay,1,0.9978569738993246,ghostbuster-open,5570
103.txt,wp,1,0.9979089961122846,ghostbuster-open,2402
344.txt,essay,1,0.9999649699138295,ghostbuster-open,4679
459.txt,wp,0,0.00927551126470329,ghostbuster-open,3937
326.txt,wp,1,0.9999531302247426,ghostbuster-open,1765
117.txt,wp,0,0.00013618705456875676,ghostbuster-open,767
373.txt,wp,1,0.9935428540272728,ghostbuster-open,4024
311.txt,wp,0,0.059320580605817595,ghostbuster-open,2293
16.txt,reuter,1,0.984450159607347,ghostbuster-open,2610
14.txt,reuter,1,0.9991508254621284,ghostbuster-open,4039
702.txt,wp,0,0.2299035197362976,ghostbuster-open,985
86.txt,wp,0,0.009577551422566962,ghostbuster-open,1927
81.txt,essay,0,2.6596794279773298e-05,ghostbuster-open,2756
515.txt,essay,1,0.9921978857892938,ghostbuster-open,3036
416.txt,wp,1,0.99933247266273,ghostbuster-open,3189
304.txt,essay,1,0.9999231194379312,ghostbuster-open,1795
818.txt,essay,1,0.9393057930945934,ghostbuster-open,3993
2.txt,reuter,1,0.9959270912455349,ghostbuster-open,2551
881.txt,wp,0,1.3557820685798955e-06,ghostbuster-open,582
15.txt,reuter,1,0.9978135693322082,ghostbuster-open,3782
642.txt,wp,0,0.013777156350481306,ghostbuster-open,2583
936.txt,essay,0,0.00040722428130786717,ghostbuster-open,2615
998.txt,essay,0,9.11051596079748e-06,ghostbuster-open,3874
75.txt,essay,0,4.820553207978682e-15,ghostbuster-open,3197
17.txt,reuter,1,0.999615606663602,ghostbuster-open,2860
910.txt,wp,0,0.0002755619075368304,ghostbuster-open,2709
13.txt,reuter,0,0.0015704233518540952,ghostbuster-open,3475
771.txt,wp,1,0.9942765396606521,ghostbuster-open,1649
19.txt,reuter,1,0.9998033332980165,ghostbuster-open,1543
2.txt,reuter,0,0.006291213303910301,ghostbuster-open,2781
140.txt,essay,0,4.511962792336666e-08,ghostbuster-open,2979
17.txt,reuter,1,0.9973200772194918,ghostbuster-open,2874
7.txt,reuter,0,0.0008174039626255451,ghostbuster-open,3615
976.txt,essay,1,0.9998035489487446,ghostbuster-open,4553
474.txt,essay,0,0.0007530776937114268,ghostbuster-open,1871
725.txt,wp,0,0.17372124203615402,ghostbuster-open,2646
26.txt,wp,1,0.9691181615678021,ghostbuster-open,4629
747.txt,essay,0,0.00021428995785410104,ghostbuster-open,2575
917.txt,essay,1,0.9988648148849488,ghostbuster-open,3294
3.txt,reuter,0,0.0022569522353217495,ghostbuster-open,3700
195.txt,essay,1,0.9953117228443382,ghostbuster-open,3192
18.txt,wp,1,0.8476367443187222,ghostbuster-open,4428
862.txt,wp,0,0.004089506105368468,ghostbuster-open,1298
791.txt,wp,1,0.9914569214942993,ghostbuster-open,2474
17.txt,reuter,1,0.999821853057905,ghostbuster-open,4117
888.txt,essay,0,0.0017860453676008317,ghostbuster-open,1919
14.txt,reuter,1,0.9914439859177213,ghostbuster-open,4336
643.txt,wp,0,0.2844231068585028,ghostbuster-open,670
255.txt,wp,0,0.5867237452112064,ghostbuster-open,657
367.txt,essay,1,0.9983150367368969,ghostbuster-open,5002
18.txt,reuter,0,0.004891907783055387,ghostbuster-open,2556
12.txt,reuter,0,0.002095985819628822,ghostbuster-open,3133
189.txt,wp,0,0.015940272689133554,ghostbuster-open,1569
317.txt,wp,1,0.9035813622319108,ghostbuster-open,4573
766.txt,wp,0,0.0036445196385109908,ghostbuster-open,1647
4.txt,wp,0,0.06409582391792472,ghostbuster-open,2466
17.txt,reuter,0,0.0014214866254882983,ghostbuster-open,3317
10.txt,reuter,0,0.0010582365456941322,ghostbuster-open,2487
20.txt,reuter,1,0.9981016388403307,ghostbuster-open,3691
12.txt,reuter,1,0.9999126734613848,ghostbuster-open,3034
72.txt,essay,0,3.5643500706976844e-07,ghostbuster-open,3600
16.txt,reuter,0,0.01953876672659056,ghostbuster-open,3747
485.txt,essay,1,0.9967292721707659,ghostbuster-open,4281
730.txt,essay,0,5.197896682912914e-06,ghostbuster-open,21264
48.txt,essay,0,4.280387586197627e-16,ghostbuster-open,13565
137.txt,essay,0,2.598407760916586e-16,ghostbuster-open,2559
793.txt,essay,1,0.9998116720166724,ghostbuster-open,4431
761.txt,essay,0,1.8735768857476267e-05,ghostbuster-open,1867
52.txt,wp,1,0.9765392081693915,ghostbuster-open,4762
853.txt,wp,1,0.8757270370901354,ghostbuster-open,2143
12.txt,reuter,1,0.9974503423400083,ghostbuster-open,3652
4.txt,reuter,1,0.994800506371804,ghostbuster-open,3899
512.txt,wp,0,0.0024507325714000316,ghostbuster-open,3536
226.txt,essay,1,0.9275303887890953,ghostbuster-open,4316
604.txt,wp,1,0.9986653720334135,ghostbuster-open,3628
977.txt,wp,1,0.9997178435370222,ghostbuster-open,676
19.txt,reuter,1,0.9991600019765718,ghostbuster-open,4013
562.txt,essay,0,4.589751900944801e-05,ghostbuster-open,1792
763.txt,wp,0,0.00100888031306014,ghostbuster-open,3261
535.txt,essay,1,0.9999441400700588,ghostbuster-open,2905
493.txt,wp,1,0.9948481083538321,ghostbuster-open,4247
546.txt,wp,0,0.0048224337586570175,ghostbuster-open,2813
19.txt,reuter,0,0.00025022934713921015,ghostbuster-open,3527
14.txt,reuter,1,0.9871102695509805,ghostbuster-open,3041
436.txt,wp,0,0.00176086416095248,ghostbuster-open,4628
162.txt,essay,1,0.9620180321700958,ghostbuster-open,5382
287.txt,wp,1,0.9775650545429044,ghostbuster-open,3390
131.txt,essay,1,0.9930395973974001,ghostbuster-open,2711
462.txt,wp,0,0.05311673349763283,ghostbuster-open,761
8.txt,reuter,1,0.9991978725630405,ghostbuster-open,3404
16.txt,reuter,0,0.011240741077826666,ghostbuster-open,3593
182.txt,wp,0,0.0012826834544431656,ghostbuster-open,3640
3.txt,reuter,1,0.9999258917279397,ghostbuster-open,3202
13.txt,reuter,1,0.999720013544365,ghostbuster-open,3261
10.txt,reuter,0,0.019493965226415534,ghostbuster-open,3791
863.txt,wp,1,0.9901243026757273,ghostbuster-open,4449
843.txt,wp,0,0.0006776412401986648,ghostbuster-open,2769
570.txt,essay,0,4.994236523098379e-09,ghostbuster-open,3727
16.txt,reuter,1,0.9984618559154128,ghostbuster-open,4132
439.txt,essay,0,0.00010184724343504284,ghostbuster-open,3577
407.txt,wp,0,0.0038608827520491646,ghostbuster-open,3250
12.txt,reuter,0,0.008033773837742168,ghostbuster-open,3374
15.txt,reuter,0,0.14717842594771824,ghostbuster-open,2834
16.txt,reuter,0,0.00028913774435919144,ghostbuster-open,2757
15.txt,reuter,1,0.9994718803161604,ghostbuster-open,2897
287.txt,essay,1,0.9988497116644222,ghostbuster-open,2931
720.txt,wp,0,0.0014530298039849433,ghostbuster-open,4883
1.txt,wp,0,0.000841425206867012,ghostbuster-open,2907
622.txt,wp,1,0.8699092473502832,ghostbuster-open,5039
735.txt,wp,1,0.9994442121500737,ghostbuster-open,653
56.txt,essay,1,0.9987272371552034,ghostbuster-open,3431
10.txt,reuter,0,0.0028233296830750014,ghostbuster-open,2615
10.txt,reuter,1,0.9961331292228467,ghostbuster-open,3443
2.txt,reuter,1,0.9887883383384694,ghostbuster-open,3130
12.txt,reuter,0,0.005568920128909504,ghostbuster-open,3253
216.txt,wp,1,0.9986896068025016,ghostbuster-open,608
771.txt,essay,1,0.9997164482303983,ghostbuster-open,2805
7.txt,reuter,1,0.9938927683736416,ghostbuster-open,3173
13.txt,reuter,0,0.045203058340458305,ghostbuster-open,1482
407.txt,essay,1,0.999606921007306,ghostbuster-open,3081
703.txt,essay,1,0.9999655516391093,ghostbuster-open,3219
5.txt,reuter,0,0.0074197340958667216,ghostbuster-open,3595
5.txt,reuter,1,0.9968360551503143,ghostbuster-open,2440
10.txt,reuter,0,0.00032863780352550986,ghostbuster-open,2944
757.txt,wp,1,0.998714274017414,ghostbuster-open,2957
241.txt,wp,1,0.9980065146903743,ghostbuster-open,2453
406.txt,essay,0,6.819045618328514e-06,ghostbuster-open,2449
1.txt,reuter,0,0.010323718195112951,ghostbuster-open,3971
73.txt,essay,1,0.9915335238658992,ghostbuster-open,3209
14.txt,reuter,0,0.0009584728297033134,ghostbuster-open,3145
702.txt,wp,1,0.9288711936017571,ghostbuster-open,1667
120.txt,essay,1,0.9987884793656233,ghostbuster-open,3814
78.txt,essay,1,0.9999521036879301,ghostbuster-open,2737
3.txt,reuter,1,0.9966790456693365,ghostbuster-open,2477
973.txt,wp,1,0.9986534522862032,ghostbuster-open,646
513.txt,essay,0,5.733206158573517e-07,ghostbuster-open,1705
6.txt,reuter,0,0.000692276206268319,ghostbuster-open,3424
761.txt,wp,0,0.0030052909569739644,ghostbuster-open,3863
208.txt,essay,0,1.0523116872679347e-07,ghostbuster-open,3303
582.txt,essay,1,0.9977382443698823,ghostbuster-open,4615
798.txt,essay,0,1.2513399780875063e-11,ghostbuster-open,2241
41.txt,essay,1,0.9997234157806117,ghostbuster-open,5898
188.txt,essay,0,0.09746285719765617,ghostbuster-open,664
852.txt,wp,0,0.000531533708069323,ghostbuster-open,2950
361.txt,wp,0,0.00029751018995199745,ghostbuster-open,1002
727.txt,wp,0,4.458883412730902e-06,ghostbuster-open,1411
228.txt,essay,1,0.9992229156177179,ghostbuster-open,3516
911.txt,essay,0,1.4814822263515578e-07,ghostbuster-open,3408
18.txt,reuter,1,0.9992239595932514,ghostbuster-open,3480
683.txt,essay,1,0.9996923536029056,ghostbuster-open,3829
936.txt,essay,1,0.9996905460825453,ghostbuster-open,3304
966.txt,wp,1,0.8936787083478018,ghostbuster-open,1598
409.txt,essay,1,0.9995032361693914,ghostbuster-open,3125
4.txt,reuter,0,0.00397491309253469,ghostbuster-open,2699
10.txt,reuter,1,0.9993189605654228,ghostbuster-open,3537
453.txt,essay,1,0.9995550054045863,ghostbuster-open,5613
880.txt,wp,1,0.9999362950014727,ghostbuster-open,1167
16.txt,reuter,0,0.35030132178332585,ghostbuster-open,3048
584.txt,essay,1,0.8767797402807158,ghostbuster-open,4779
2.txt,reuter,0,0.0008961653102788642,ghostbuster-open,2753
728.txt,essay,0,1.7463486112869171e-12,ghostbuster-open,2542
6.txt,reuter,1,0.7691774208398277,ghostbuster-open,3511
445.txt,essay,1,0.9999025159594087,ghostbuster-open,4550
11.txt,reuter,0,0.0282197456286642,ghostbuster-open,1872
17.txt,reuter,1,0.9076649018571838,ghostbuster-open,2973
9.txt,reuter,1,0.9994598672956165,ghostbuster-open,2242
155.txt,wp,0,0.19918888973348028,ghostbuster-open,2532
176.txt,essay,1,0.9999883876824807,ghostbuster-open,2850
444.txt,wp,1,0.9973159142523926,ghostbuster-open,3979
399.txt,essay,0,1.4572556885716132e-06,ghostbuster-open,1802
684.txt,wp,0,8.880769143085854e-05,ghostbuster-open,3572
97.txt,wp,1,0.902354261384217,ghostbuster-open,4459
2.txt,wp,0,0.19026539349215704,ghostbuster-open,2568
13.txt,reuter,1,0.9825475829363679,ghostbuster-open,2137
499.txt,essay,1,0.9998995044812974,ghostbuster-open,2735
822.txt,wp,0,0.0018104099818327998,ghostbuster-open,2895
618.txt,wp,0,0.004408600966014002,ghostbuster-open,1498
211.txt,wp,0,0.0010766753857610147,ghostbuster-open,4132
2.txt,reuter,1,0.9985256485868355,ghostbuster-open,2668
3.txt,reuter,1,0.999463912763197,ghostbuster-open,2348
711.txt,essay,1,0.9987962323045505,ghostbuster-open,3811
459.txt,wp,1,0.997554330849615,ghostbuster-open,4309
865.txt,wp,0,0.00018991264263503284,ghostbuster-open,2546
732.txt,essay,1,0.9811388190342617,ghostbuster-open,3775
7.txt,reuter,1,0.9922272067589459,ghostbuster-open,4226
14.txt,reuter,0,0.006273365097281813,ghostbuster-open,2548
191.txt,essay,0,1.652473052315276e-14,ghostbuster-open,5787
954.txt,essay,0,0.0007311662927391054,ghostbuster-open,1725
5.txt,reuter,0,0.009638920218786037,ghostbuster-open,2932
9.txt,reuter,0,0.007663295616446464,ghostbuster-open,1967
3.txt,reuter,1,0.9914428407467405,ghostbuster-open,3092
882.txt,essay,1,0.9999802334813305,ghostbuster-open,3902
7.txt,reuter,0,0.014985648682552782,ghostbuster-open,2324
146.txt,wp,1,0.9985983829945038,ghostbuster-open,2134
551.txt,essay,0,1.5226284427135591e-10,ghostbuster-open,2424
968.txt,essay,1,0.999997244714027,ghostbuster-open,2565
14.txt,reuter,0,0.08257033276088535,ghostbuster-open,485
1.txt,reuter,1,0.995623678495682,ghostbuster-open,3395
236.txt,wp,0,0.0021280406092038994,ghostbuster-open,1652
2.txt,reuter,0,0.012882393865616118,ghostbuster-open,3177
3.txt,reuter,0,0.0038960412144182664,ghostbuster-open,2826
189.txt,essay,1,0.9991832411557885,ghostbuster-open,4234
1.txt,reuter,0,0.0026691130685400485,ghostbuster-open,2513
696.txt,essay,1,0.9996478200836003,ghostbuster-open,4914
350.txt,wp,0,0.01354759192039387,ghostbuster-open,3255
807.txt,essay,1,0.9999411891923178,ghostbuster-open,3013
10.txt,reuter,1,0.9997042250124879,ghostbuster-open,4009
17.txt,reuter,1,0.9998862955270464,ghostbuster-open,3584
545.txt,essay,0,3.3296868674388966e-05,ghostbuster-open,2114
632.txt,essay,1,0.9959206413354111,ghostbuster-open,4930
53.txt,wp,1,0.9975045077610257,ghostbuster-open,4242
2.txt,reuter,1,0.9998974960880378,ghostbuster-open,3891
552.txt,wp,0,0.0003723215883080997,ghostbuster-open,5052
911.txt,wp,0,0.0003880809746226184,ghostbuster-open,4052
1.txt,reuter,0,0.002539652560467015,ghostbuster-open,3459
703.txt,wp,1,0.9999853437578918,ghostbuster-open,611
2.txt,reuter,1,0.9894741499488765,ghostbuster-open,3694
594.txt,wp,0,0.0425906322261005,ghostbuster-open,2329
875.txt,wp,1,0.9817299604762176,ghostbuster-open,2959
823.txt,wp,1,0.9997372088033492,ghostbuster-open,3062
904.txt,essay,1,0.9475210662763418,ghostbuster-open,4046
301.txt,essay,1,0.999938272064535,ghostbuster-open,3464
95.txt,wp,0,0.012025968763042402,ghostbuster-open,5005
11.txt,reuter,1,0.9997191554856995,ghostbuster-open,3287
331.txt,essay,0,1.0800958925885965e-13,ghostbuster-open,2265
72.txt,wp,1,0.9908576300467236,ghostbuster-open,4685
16.txt,reuter,0,0.12100127623541149,ghostbuster-open,2208
910.txt,essay,1,0.99269248942297,ghostbuster-open,2763
14.txt,reuter,1,0.9991124110209993,ghostbuster-open,2120
648.txt,essay,1,0.9921427948877446,ghostbuster-open,2632
8.txt,reuter,1,0.9998441073602276,ghostbuster-open,3028
502.txt,wp,0,0.00014422686864458946,ghostbuster-open,767
12.txt,reuter,0,0.0003499638253066396,ghostbuster-open,3302
946.txt,wp,0,0.0006553351322499427,ghostbuster-open,3540
116.txt,wp,1,0.9957901761416477,ghostbuster-open,3507
578.txt,wp,1,0.9129803123648642,ghostbuster-open,4326
861.txt,wp,1,0.9779210044955793,ghostbuster-open,3652
108.txt,essay,0,0.004961003822196894,ghostbuster-open,527
8.txt,reuter,1,0.9992178915479322,ghostbuster-open,3853
492.txt,wp,0,0.0015789521301578496,ghostbuster-open,1544
468.txt,essay,1,0.9999045428377332,ghostbuster-open,6621
14.txt,reuter,1,0.9682754857208187,ghostbuster-open,1915
893.txt,essay,0,8.973651581384885e-07,ghostbuster-open,3474
971.txt,essay,0,0.0012644126098296667,ghostbuster-open,2323
764.txt,wp,0,0.0011315682454000912,ghostbuster-open,3384
16.txt,reuter,0,0.0009677422007922393,ghostbuster-open,3209
2.txt,reuter,1,0.9950113421582036,ghostbuster-open,3437
190.txt,essay,1,0.9767459965967777,ghostbuster-open,2873
626.txt,wp,0,0.001362992021282593,ghostbuster-open,703
460.txt,essay,1,0.9999413138306592,ghostbuster-open,2542
18.txt,reuter,0,0.009196810580241157,ghostbuster-open,3208
499.txt,essay,0,3.957693173221562e-05,ghostbuster-open,1852
123.txt,wp,1,0.9936597556022495,ghostbuster-open,4098
331.txt,essay,1,0.9957316253610056,ghostbuster-open,4423
9.txt,reuter,1,0.8110994402668599,ghostbuster-open,3379
17.txt,reuter,1,0.9778361308697029,ghostbuster-open,3769
914.txt,essay,1,0.9988846116561916,ghostbuster-open,5477
672.txt,essay,1,0.9481663107848858,ghostbuster-open,3599
614.txt,wp,0,0.002150238225702111,ghostbuster-open,2981
134.txt,essay,0,5.486267398011617e-16,ghostbuster-open,4077
681.txt,wp,0,0.0002964498464571351,ghostbuster-open,2416
634.txt,wp,0,1.3427019046047042e-06,ghostbuster-open,2495
410.txt,essay,1,0.9999296868133107,ghostbuster-open,3788
688.txt,essay,1,0.9978328955102848,ghostbuster-open,3104
6.txt,reuter,1,0.9999707221028686,ghostbuster-open,3279
376.txt,wp,1,0.9996529300219578,ghostbuster-open,2409
608.txt,essay,0,2.5065137034540777e-05,ghostbuster-open,1928
866.txt,essay,1,0.999926430833548,ghostbuster-open,2572
905.txt,essay,0,4.175912238606802e-14,ghostbuster-open,2537
351.txt,wp,0,3.433727425252723e-05,ghostbuster-open,2970
123.txt,essay,1,0.9993894504156129,ghostbuster-open,5602
758.txt,wp,0,0.0012164801886757521,ghostbuster-open,7997
12.txt,reuter,0,0.10790576367653688,ghostbuster-open,2089
9.txt,reuter,0,0.027465746914464562,ghostbuster-open,2216
916.txt,wp,1,0.8667999935217928,ghostbuster-open,3991
314.txt,essay,1,0.9987016303482941,ghostbuster-open,3532
14.txt,reuter,1,0.9502398137656829,ghostbuster-open,3189
199.txt,wp,1,0.996588976174818,ghostbuster-open,3291
710.txt,essay,0,2.8142960638998983e-10,ghostbuster-open,4076
5.txt,reuter,0,0.002749048398383366,ghostbuster-open,3695
242.txt,wp,0,0.009234795170833074,ghostbuster-open,2605
285.txt,essay,1,0.9981829147847874,ghostbuster-open,4354
8.txt,reuter,0,0.40187257982833813,ghostbuster-open,3609
14.txt,reuter,1,0.9998770048793995,ghostbuster-open,620
959.txt,essay,0,2.3265125004787556e-10,ghostbuster-open,4143
956.txt,wp,0,0.0002521010966245842,ghostbuster-open,2025
307.txt,essay,0,0.0037705386909840976,ghostbuster-open,846
397.txt,wp,1,0.9796228790195899,ghostbuster-open,2776
296.txt,wp,1,0.9951014892164505,ghostbuster-open,4293
379.txt,essay,1,0.9995396762742939,ghostbuster-open,3260
644.txt,wp,0,0.0007377245471935565,ghostbuster-open,4545
246.txt,wp,0,0.05036203594223323,ghostbuster-open,1907
134.txt,wp,1,0.9997388844782797,ghostbuster-open,1858
17.txt,reuter,1,0.9986264040504038,ghostbuster-open,3272
287.txt,wp,0,0.00034724282786182206,ghostbuster-open,2157
20.txt,reuter,1,0.9973083672474587,ghostbuster-open,3431
395.txt,wp,0,0.010737410464762006,ghostbuster-open,4046
15.txt,reuter,0,0.0003678271198094524,ghostbuster-open,3818
18.txt,reuter,1,0.9999233265201148,ghostbuster-open,3943
366.txt,essay,0,0.005210228914673994,ghostbuster-open,2524
485.txt,wp,1,0.9495903057972745,ghostbuster-open,2890
884.txt,essay,1,0.9998069632859721,ghostbuster-open,2578
913.txt,essay,0,2.3619391657614423e-06,ghostbuster-open,1812
489.txt,wp,0,0.0005718357198381955,ghostbuster-open,8050
281.txt,essay,1,0.9959261378774252,ghostbuster-open,5120
873.txt,wp,0,0.4545841829208876,ghostbuster-open,814
431.txt,essay,0,0.6194594970513067,ghostbuster-open,0
97.txt,wp,0,0.0011756438720289702,ghostbuster-open,3214
18.txt,reuter,1,0.9997967928630398,ghostbuster-open,3528
15.txt,reuter,1,0.9999499846837694,ghostbuster-open,3425
4.txt,reuter,1,0.9996877143091597,ghostbuster-open,4037
12.txt,reuter,1,0.9663279953337488,ghostbuster-open,2411
97.txt,essay,1,0.9997248569195177,ghostbuster-open,4854
3.txt,reuter,1,0.9997286758038939,ghostbuster-open,2835
5.txt,reuter,1,0.990366618022661,ghostbuster-open,3590
497.txt,essay,1,0.9998150288302974,ghostbuster-open,2323
3.txt,reuter,0,0.014342235626743988,ghostbuster-open,3375
982.txt,essay,0,7.221242705961343e-15,ghostbuster-open,4006
686.txt,essay,0,2.790366603935518e-05,ghostbuster-open,2272
916.txt,wp,0,0.0009624022452366548,ghostbuster-open,3328
528.txt,essay,1,0.8664704653451645,ghostbuster-open,3243
11.txt,reuter,0,0.0002540680573995974,ghostbuster-open,3668
643.txt,essay,0,6.477720861252737e-07,ghostbuster-open,1397
384.txt,essay,0,9.276070363136428e-11,ghostbuster-open,7134
452.txt,essay,1,0.9996440801444505,ghostbuster-open,2602
23.txt,wp,0,0.9787876246247041,ghostbuster-open,602
10.txt,reuter,1,0.9998600266293091,ghostbuster-open,1985
799.txt,wp,1,0.9986901290018334,ghostbuster-open,1604
232.txt,essay,1,0.9992521918372195,ghostbuster-open,3897
15.txt,reuter,1,0.9968843279278621,ghostbuster-open,3965
556.txt,wp,0,0.10195806268422251,ghostbuster-open,2587
476.txt,essay,0,1.5044896812816287e-08,ghostbuster-open,2120
603.txt,wp,1,0.9871891143105767,ghostbuster-open,4339
343.txt,essay,0,9.02671074069964e-06,ghostbuster-open,2429
20.txt,reuter,0,0.010527632667270304,ghostbuster-open,2820
25.txt,wp,0,0.004364516129135408,ghostbuster-open,2003
9.txt,reuter,1,0.9998760282367923,ghostbuster-open,3786
545.txt,essay,1,0.9964137695361466,ghostbuster-open,2487
451.txt,wp,1,0.9986988338056275,ghostbuster-open,3335
7.txt,reuter,0,0.09649984641460493,ghostbuster-open,2373
7.txt,reuter,0,0.02601677307911108,ghostbuster-open,2911
220.txt,wp,0,0.029135931955569128,ghostbuster-open,711
608.txt,essay,1,0.9999851149545702,ghostbuster-open,2848
435.txt,essay,1,0.9990010473564933,ghostbuster-open,4159
903.txt,wp,0,4.770534235037868e-05,ghostbuster-open,1470
276.txt,wp,0,0.002964497488404992,ghostbuster-open,1017
533.txt,wp,1,0.9857015343806145,ghostbuster-open,4731
811.txt,wp,1,0.999767791782952,ghostbuster-open,2878
876.txt,essay,0,5.399481032547724e-16,ghostbuster-open,3800
286.txt,essay,1,0.999903102118424,ghostbuster-open,3818
911.txt,essay,1,0.9997111610428278,ghostbuster-open,4220
19.txt,reuter,0,0.0067546704034444575,ghostbuster-open,3279
6.txt,reuter,1,0.9926882017503548,ghostbuster-open,2274
964.txt,essay,0,6.7092150198771594e-18,ghostbuster-open,8247
18.txt,reuter,0,0.032324361670662535,ghostbuster-open,1780
261.txt,essay,1,0.9945291854477505,ghostbuster-open,4316
500.txt,wp,1,0.9546192642783454,ghostbuster-open,671
278.txt,wp,0,0.6485592848632477,ghostbuster-open,821
571.txt,essay,0,2.1448878144487138e-05,ghostbuster-open,1993
2.txt,reuter,1,0.9995057027328134,ghostbuster-open,1469
15.txt,reuter,1,0.9985863116535979,ghostbuster-open,3037
84.txt,wp,1,0.9450819735074114,ghostbuster-open,4520
814.txt,wp,1,0.9998584379656913,ghostbuster-open,1479
756.txt,wp,0,1.061169815811538e-05,ghostbuster-open,6023
15.txt,reuter,1,0.9994813871177749,ghostbuster-open,2779
452.txt,essay,0,3.788161219178277e-06,ghostbuster-open,1763
10.txt,reuter,0,0.662161365771355,ghostbuster-open,2887
14.txt,reuter,1,0.9990940327786912,ghostbuster-open,3119
825.txt,wp,0,0.00833862399425016,ghostbuster-open,2710
5.txt,reuter,0,0.00021456731947881637,ghostbuster-open,3113
694.txt,essay,1,0.9985290273742414,ghostbuster-open,3815
7.txt,reuter,0,0.007863213430111126,ghostbuster-open,2759
34.txt,essay,1,0.9993327241777209,ghostbuster-open,4571
277.txt,wp,1,0.9952141572509493,ghostbuster-open,3690
461.txt,essay,0,9.162670735009662e-09,ghostbuster-open,4409
838.txt,wp,0,0.01185515107187889,ghostbuster-open,5071
2.txt,reuter,0,0.0015917566437029789,ghostbuster-open,3987
315.txt,wp,1,0.9989939404835958,ghostbuster-open,3766
144.txt,essay,0,7.990010847916298e-07,ghostbuster-open,1746
692.txt,essay,1,0.9968132926484786,ghostbuster-open,5003
877.txt,essay,1,0.9989775589709862,ghostbuster-open,5133
66.txt,wp,0,0.0018349248599065192,ghostbuster-open,4466
586.txt,essay,1,0.9994889082852548,ghostbuster-open,4987
166.txt,essay,0,0.0005989621037249812,ghostbuster-open,2116
244.txt,wp,1,0.9889648442306394,ghostbuster-open,3733
761.txt,essay,1,0.9999842386022821,ghostbuster-open,2407
12.txt,reuter,0,0.0007617056740328197,ghostbuster-open,2772
5.txt,reuter,0,0.00845888078953572,ghostbuster-open,3219
10.txt,reuter,1,0.8086102295227086,ghostbuster-open,4116
204.txt,essay,1,0.9963643685208978,ghostbuster-open,5141
447.txt,essay,0,1.152459096250686e-14,ghostbuster-open,3371
765.txt,wp,1,0.961872383935102,ghostbuster-open,4275
11.txt,reuter,0,0.0035005909438089984,ghostbuster-open,3248
191.txt,essay,1,0.9981189533006084,ghostbuster-open,5505
15.txt,reuter,1,0.999642905890258,ghostbuster-open,2355
245.txt,essay,0,5.453637303389477e-15,ghostbuster-open,7446
12.txt,wp,0,0.003005571311725182,ghostbuster-open,2606
293.txt,wp,0,0.013830171175610594,ghostbuster-open,1971
1.txt,reuter,0,0.010234630090870398,ghostbuster-open,3263
918.txt,wp,1,0.9975498397723713,ghostbuster-open,4844
322.txt,essay,1,0.9995143110447314,ghostbuster-open,5541
179.txt,essay,0,2.841912131250657e-15,ghostbuster-open,3853
10.txt,reuter,1,0.9968818332936905,ghostbuster-open,3312
334.txt,essay,0,6.96630808750281e-13,ghostbuster-open,6553
285.txt,wp,0,0.1605016790275943,ghostbuster-open,1004
19.txt,reuter,1,0.9996843835948999,ghostbuster-open,2663
11.txt,reuter,0,0.2226824788376005,ghostbuster-open,1921
630.txt,wp,0,0.019929033254531762,ghostbuster-open,2329
343.txt,essay,1,0.9999889341618884,ghostbuster-open,4037
747.txt,wp,1,0.8634182824529975,ghostbuster-open,2401
876.txt,wp,1,0.9596989205327049,ghostbuster-open,4976
571.txt,wp,0,0.00196387479400866,ghostbuster-open,8967
5.txt,reuter,0,0.020683543038363155,ghostbuster-open,2284
520.txt,wp,0,0.024375658060077014,ghostbuster-open,2789
50.txt,essay,1,0.9998507391305015,ghostbuster-open,2868
2.txt,reuter,0,0.017870844151628935,ghostbuster-open,3437
663.txt,essay,1,0.9999507305897544,ghostbuster-open,2372
934.txt,wp,0,0.00011564034465345817,ghostbuster-open,3849
905.txt,wp,1,0.9860707722486781,ghostbuster-open,4028
10.txt,reuter,0,0.006948353877067036,ghostbuster-open,3362
742.txt,essay,1,0.9998775252063876,ghostbuster-open,4535
520.txt,wp,1,0.9712006089011924,ghostbuster-open,3666
311.txt,essay,1,0.9969749628686543,ghostbuster-open,4148
4.txt,reuter,0,0.025358466916388617,ghostbuster-open,2907
920.txt,wp,1,0.9905657116434984,ghostbuster-open,703
96.txt,wp,0,0.0004200610673814581,ghostbuster-open,6782
538.txt,wp,1,0.983717069937655,ghostbuster-open,4603
120.txt,wp,0,0.8649310450538733,ghostbuster-open,2107
219.txt,wp,1,0.9493135013836387,ghostbuster-open,3798
7.txt,reuter,0,0.37180324511799645,ghostbuster-open,2945
117.txt,essay,1,0.9975932164759909,ghostbuster-open,4857
13.txt,reuter,1,0.9995071121331163,ghostbuster-open,2665
596.txt,wp,1,0.9718021966824472,ghostbuster-open,3770
944.txt,essay,0,9.185370051642492e-16,ghostbuster-open,3617
68.txt,wp,1,0.9162658439147361,ghostbuster-open,4193
7.txt,reuter,0,0.0034653510514319084,ghostbuster-open,2657
3.txt,reuter,1,0.9999449615860969,ghostbuster-open,1881
15.txt,reuter,0,0.055098896502136716,ghostbuster-open,1853
202.txt,essay,1,0.9974953551503594,ghostbuster-open,4719
16.txt,reuter,0,0.0004675736237133358,ghostbuster-open,3731
86.txt,essay,0,1.9638291871112182e-06,ghostbuster-open,3852
4.txt,reuter,1,0.9995309701765936,ghostbuster-open,2608
2.txt,reuter,0,0.008702221581889324,ghostbuster-open,2332
260.txt,wp,0,0.07794527478067312,ghostbuster-open,794
43.txt,essay,1,0.9998388308739743,ghostbuster-open,3604
49.txt,wp,1,0.9782719546990448,ghostbuster-open,4214
20.txt,reuter,1,0.7846195486999878,ghostbuster-open,2942
731.txt,essay,0,3.2190362053496026e-14,ghostbuster-open,2461
2.txt,reuter,1,0.9959834912805808,ghostbuster-open,4045
501.txt,essay,1,0.9918103034234506,ghostbuster-open,6538
13.txt,reuter,0,0.0016885279011184847,ghostbuster-open,2815
8.txt,reuter,1,0.9187429325002874,ghostbuster-open,4653
183.txt,wp,0,0.0005028123648574006,ghostbuster-open,9890
792.txt,wp,0,0.005577959044650466,ghostbuster-open,1740
672.txt,wp,0,0.02464811238885208,ghostbuster-open,3701
459.txt,essay,1,0.9999549385637877,ghostbuster-open,2944
6.txt,reuter,0,0.002771084108089219,ghostbuster-open,1532
20.txt,reuter,0,0.0002781771813426494,ghostbuster-open,3486
286.txt,wp,1,0.999265478426282,ghostbuster-open,1971
540.txt,essay,1,0.9987172307615154,ghostbuster-open,2773
705.txt,essay,1,0.9999428183910366,ghostbuster-open,3596
363.txt,essay,1,0.9956128247300416,ghostbuster-open,3532
346.txt,wp,0,0.0006235681830381555,ghostbuster-open,2374
235.txt,wp,1,0.9856136939231739,ghostbuster-open,636
370.txt,essay,1,0.9996231991547255,ghostbuster-open,4394
279.txt,essay,1,0.9999851355760224,ghostbuster-open,3073
375.txt,wp,0,9.196558740604582e-05,ghostbuster-open,1973
9.txt,reuter,0,0.0024650010423184487,ghostbuster-open,3061
970.txt,essay,0,1.9048623283537826e-10,ghostbuster-open,8928
262.txt,essay,0,2.5462697829655584e-18,ghostbuster-open,3963
577.txt,essay,1,0.9994782028206949,ghostbuster-open,2729
19.txt,reuter,0,0.0031124375033716608,ghostbuster-open,2440
373.txt,essay,0,2.5752806915858636e-06,ghostbuster-open,2080
16.txt,reuter,0,0.05642929681767993,ghostbuster-open,4258
988.txt,wp,1,0.8346746657496984,ghostbuster-open,4909
937.txt,wp,0,0.0018726552435076298,ghostbuster-open,2560
301.txt,essay,0,2.4457549036193408e-05,ghostbuster-open,2251
836.txt,essay,1,0.9998577997618222,ghostbuster-open,5192
5.txt,reuter,1,0.9992623177582978,ghostbuster-open,2775
143.txt,essay,1,0.9994350811309746,ghostbuster-open,5649
685.txt,essay,0,2.9417639288174857e-15,ghostbuster-open,2010
8.txt,reuter,0,0.0041344297644809735,ghostbuster-open,2530
668.txt,essay,1,0.9982171944255944,ghostbuster-open,3745
2.txt,reuter,0,0.002850067431129824,ghostbuster-open,2198
28.txt,wp,0,0.04326783495688084,ghostbuster-open,1057
14.txt,reuter,0,0.24408581675203472,ghostbuster-open,3331
12.txt,reuter,0,0.021440955152657214,ghostbuster-open,2472
516.txt,essay,0,0.0035067342023753305,ghostbuster-open,1943
975.txt,wp,0,0.020797194760765744,ghostbuster-open,1403
67.txt,wp,1,0.9809518700548777,ghostbuster-open,3048
5.txt,reuter,0,0.014998863169273203,ghostbuster-open,2604
833.txt,wp,0,0.0007034733230953599,ghostbuster-open,2866
958.txt,wp,1,0.9830621404877288,ghostbuster-open,4603
47.txt,essay,1,0.9997862506451657,ghostbuster-open,2105
11.txt,reuter,1,0.9994045517761767,ghostbuster-open,4469
329.txt,wp,0,0.0002837660812272469,ghostbuster-open,5077
8.txt,reuter,1,0.9998780358570197,ghostbuster-open,2106
523.txt,wp,1,0.9751206574563053,ghostbuster-open,1515
814.txt,essay,1,0.9999068797171529,ghostbuster-open,2216
643.txt,wp,1,0.9992299248829998,ghostbuster-open,641
481.txt,essay,1,0.9975028447747782,ghostbuster-open,4889
602.txt,wp,0,0.0017941802728373903,ghostbuster-open,2040
520.txt,essay,0,0.00012328224175483995,ghostbuster-open,1886
7.txt,reuter,0,0.0006303880061289887,ghostbuster-open,2745
16.txt,reuter,0,0.11474958109496425,ghostbuster-open,3160
9.txt,reuter,1,0.9940685657368371,ghostbuster-open,4129
714.txt,wp,1,0.9904145402699577,ghostbuster-open,4853
249.txt,wp,1,0.9623050681102502,ghostbuster-open,4662
8.txt,reuter,1,0.9991258739262303,ghostbuster-open,2546
282.txt,wp,1,0.9881360121559206,ghostbuster-open,3904
16.txt,essay,1,0.631571096116862,ghostbuster-open,4476
324.txt,essay,1,0.9998897673220698,ghostbuster-open,3397
967.txt,essay,1,0.9542494115912946,ghostbuster-open,7160
162.txt,wp,1,0.993825003983259,ghostbuster-open,2632
882.txt,essay,0,0.0002165379976592974,ghostbuster-open,2115
477.txt,essay,0,7.227518149837405e-06,ghostbuster-open,1728
2.txt,reuter,0,0.0002613233469167456,ghostbuster-open,3557
260.txt,essay,0,8.925058778769355e-05,ghostbuster-open,3690
10.txt,reuter,0,0.17707334746751668,ghostbuster-open,3506
6.txt,reuter,0,0.00027197322268110495,ghostbuster-open,2887
629.txt,wp,1,0.6940522845045424,ghostbuster-open,2259
9.txt,reuter,0,0.0019409199843774972,ghostbuster-open,2014
15.txt,reuter,0,0.014699000184770699,ghostbuster-open,3479
267.txt,essay,0,0.002589630556377763,ghostbuster-open,1993
486.txt,wp,0,0.010251120863429792,ghostbuster-open,4129
2.txt,reuter,1,0.9999972412892241,ghostbuster-open,591
11.txt,reuter,1,0.9972522192503913,ghostbuster-open,2802
14.txt,reuter,0,0.005513496011737516,ghostbuster-open,3080
106.txt,essay,0,1.4469603357180448e-13,ghostbuster-open,4444
162.txt,essay,0,2.6942704462387315e-13,ghostbuster-open,6051
496.txt,essay,1,0.9999626885232322,ghostbuster-open,4561
416.txt,essay,0,1.7224799028660054e-07,ghostbuster-open,34912
985.txt,essay,0,1.0617012779460318e-05,ghostbuster-open,2238
604.txt,essay,1,0.9998627673866611,ghostbuster-open,2909
4.txt,reuter,1,0.962899531058226,ghostbuster-open,4206
676.txt,wp,1,0.9644065308479851,ghostbuster-open,4997
534.txt,essay,0,1.1388496438555052e-15,ghostbuster-open,3134
430.txt,essay,0,3.830143396788142e-14,ghostbuster-open,2519
78.txt,wp,0,0.2201251381774502,ghostbuster-open,1563
1.txt,reuter,1,0.998935926648717,ghostbuster-open,3419
11.txt,reuter,1,0.9957052760132287,ghostbuster-open,2699
96.txt,wp,1,0.995251814711492,ghostbuster-open,4287
958.txt,essay,1,0.9998759150747606,ghostbuster-open,4594
6.txt,reuter,0,0.002152380757573429,ghostbuster-open,2476
820.txt,wp,0,0.023384276610696468,ghostbuster-open,3258
285.txt,wp,1,0.9721491652598763,ghostbuster-open,1577
19.txt,reuter,0,0.001719972929151345,ghostbuster-open,4150
2.txt,reuter,1,0.9969612841548526,ghostbuster-open,3195
12.txt,reuter,0,0.01841483195148532,ghostbuster-open,3388
234.txt,wp,0,0.011313972151388626,ghostbuster-open,3605
20.txt,reuter,0,0.0019186934317966485,ghostbuster-open,3785
741.txt,wp,0,0.00014962651277273362,ghostbuster-open,2457
589.txt,wp,0,4.643277621931572e-05,ghostbuster-open,2985
760.txt,essay,0,0.004759169616183083,ghostbuster-open,2001
14.txt,reuter,0,0.02200118021785224,ghostbuster-open,3527
7.txt,reuter,1,0.9999142366241875,ghostbuster-open,2658
48.txt,wp,0,7.13230180370185e-05,ghostbuster-open,2627
9.txt,reuter,1,0.06922568341374422,ghostbuster-open,2221
692.txt,wp,0,0.011465068688300818,ghostbuster-open,4213
816.txt,wp,0,0.0004991415874113544,ghostbuster-open,4674
779.txt,wp,0,0.0001026355286310525,ghostbuster-open,1716
17.txt,reuter,0,0.014142084045274539,ghostbuster-open,2000
188.txt,wp,0,0.00013628496951158042,ghostbuster-open,7674
6.txt,reuter,0,0.004254223439851898,ghostbuster-open,3020
883.txt,wp,1,0.9945928403825576,ghostbuster-open,4434
15.txt,reuter,0,0.006973389049000261,ghostbuster-open,3308
865.txt,essay,0,1.9747502384326505e-15,ghostbuster-open,2537
163.txt,essay,1,0.9998283245126116,ghostbuster-open,3681
12.txt,reuter,0,0.0005328776131323422,ghostbuster-open,4362
3.txt,reuter,0,0.012250842416575838,ghostbuster-open,2728
582.txt,wp,0,0.0016491868364196037,ghostbuster-open,3842
73.txt,wp,1,0.9984129621605305,ghostbuster-open,5021
7.txt,reuter,0,0.00030482544636836734,ghostbuster-open,3175
11.txt,reuter,0,0.13686716422852566,ghostbuster-open,2601
5.txt,reuter,0,0.5284650386177185,ghostbuster-open,3582
9.txt,reuter,0,0.001291759183485522,ghostbuster-open,3382
733.txt,wp,0,0.0022354609665578276,ghostbuster-open,4176
17.txt,reuter,1,0.9984731433547347,ghostbuster-open,3037
930.txt,essay,1,0.9994082316169834,ghostbuster-open,3507
886.txt,essay,1,0.9999210111200505,ghostbuster-open,5301
434.txt,essay,0,1.3255344595420758e-14,ghostbuster-open,1837
128.txt,wp,1,0.9972139766927786,ghostbuster-open,3230
843.txt,essay,1,0.9976195046888632,ghostbuster-open,1947
872.txt,essay,0,0.0539503047068158,ghostbuster-open,2439
937.txt,essay,0,2.565768203537428e-16,ghostbuster-open,7280
13.txt,reuter,1,0.9991421021716776,ghostbuster-open,3325
687.txt,wp,1,0.9940900824578757,ghostbuster-open,1797
16.txt,reuter,0,0.02188943768901243,ghostbuster-open,3167
20.txt,reuter,0,0.011196173904898512,ghostbuster-open,3350
