path,text_hash,label,nll_small,nll_large,score_raw,y_score,pred,src,kind
/content/nlp_project/repos/ghostbuster/data/wp/gpt_writing/419.txt,68f8ad75b57af4c1153f43dc49a5ea9292b65c08,1,2.892523,2.920853,-0.028329,0.247979,1,GB-wp,ai
/content/nlp_project/repos/ghostbuster/data/wp/human/logprobs/920-ada.txt,2e3506263b0a557f62692f48ac91b114c06d0185,0,3.962878,4.182412,-0.219534,0.056775,1,GB-wp,human
/content/nlp_project/repos/ghostbuster/data/wp/claude/589.txt,1dbcfd074485e7e32a6670d73828c163f083a95a,1,2.492708,2.680556,-0.187847,0.088461,1,GB-wp,ai
/content/nlp_project/repos/ghostbuster/data/wp/claude/logprobs/120-davinci.txt,a9ab4d7d8774a04fe294b356af909411c722eedd,1,3.941524,4.167332,-0.225807,0.050501,1,GB-wp,ai
/content/nlp_project/repos/ghostbuster/data/wp/gpt_writing/logprobs/939-davinci.txt,276fe8d0bdc27ea17386489f85b9c980578d99f4,1,3.988328,4.232216,-0.243888,0.032421,1,GB-wp,ai
/content/nlp_project/repos/ghostbuster/data/wp/human/518.txt,704c80bc0f6a72cd517702b5805881244fe3996f,0,3.532864,3.630282,-0.097418,0.178891,1,GB-wp,human
/content/nlp_project/repos/ghostbuster/data/wp/gpt_writing/794.txt,fe8f68701b64163781a598f71611000150de3893,1,2.622552,2.695049,-0.072497,0.203811,1,GB-wp,ai
/content/nlp_project/repos/ghostbuster/data/wp/gpt_prompt1/344.txt,db01cf93a5d9605768914114d1c64a443cf865dd,1,3.219595,3.306757,-0.087162,0.189146,1,GB-wp,ai
/content/nlp_project/repos/ghostbuster/data/wp/claude/419.txt,91cb553e795859e8142c7897f9bf7b41d6193109,1,2.778474,2.874431,-0.095957,0.180352,1,GB-wp,ai
/content/nlp_project/repos/ghostbuster/data/wp/human/813.txt,0c91423cfa7572aeadfdaf2211614584fd503000,0,3.073723,3.260584,-0.186861,0.089447,1,GB-wp,human
/content/nlp_project/repos/ghostbuster/data/wp/human/796.txt,bbe19e054d9ce23da0164978459bdc3de916b763,0,3.425692,3.704914,-0.279222,-0.002914,0,GB-wp,human
/content/nlp_project/repos/ghostbuster/data/wp/gpt/logprobs/205-davinci.txt,8381a84c26dcc75ef18da34e7f6c45e513820c46,1,3.926487,4.188054,-0.261567,0.014742,1,GB-wp,ai
/content/nlp_project/repos/ghostbuster/data/wp/human/9.txt,985385c5aeeddf14a8c2f9819f70064263b37528,0,2.724295,2.953683,-0.229389,0.046920,1,GB-wp,human
/content/nlp_project/repos/ghostbuster/data/wp/gpt_prompt1/logprobs/352-ada.txt,934f034b099cbf18ed616b2509615132a3f9398c,1,3.889146,4.138119,-0.248973,0.027336,1,GB-wp,ai
/content/nlp_project/repos/ghostbuster/data/wp/gpt/684.txt,abdeb85ff242d1ed7c770f33c935fa9e2c17093d,1,2.854510,2.939691,-0.085180,0.191128,1,GB-wp,ai
/content/nlp_project/repos/ghostbuster/data/wp/human/logprobs/938-ada.txt,27bddd8d34dffbd824ee5d9a330064b4197a6242,0,3.872810,4.095411,-0.222602,0.053707,1,GB-wp,human
/content/nlp_project/repos/ghostbuster/data/wp/gpt_prompt1/955.txt,8e0fd2637ae58c8df94b2ce1788e6152ae15bd89,1,2.700737,2.748852,-0.048114,0.228194,1,GB-wp,ai
/content/nlp_project/repos/ghostbuster/data/wp/claude/logprobs/38-ada.txt,0a058106e667782fbad145e8d6fd5530fce3b8e5,1,3.960401,4.205857,-0.245456,0.030853,1,GB-wp,ai
/content/nlp_project/repos/ghostbuster/data/wp/gpt_prompt1/logprobs/372-ada.txt,dd2a9fd0c4eaf02a552302322178da26db731a49,1,3.911493,4.186438,-0.274945,0.001364,1,GB-wp,ai
/content/nlp_project/repos/ghostbuster/data/wp/claude/logprobs/843-davinci.txt,7b2c2663d652ac37f1994e5b2b4b70a09b93ecd0,1,3.973464,4.210282,-0.236818,0.039490,1,GB-wp,ai
/content/nlp_project/repos/ghostbuster/data/wp/human/logprobs/121-ada.txt,187fc73b58bdb2c53ebe9339a16896aba2cdd928,0,3.830771,4.062366,-0.231596,0.044713,1,GB-wp,human
/content/nlp_project/repos/ghostbuster/data/wp/human/logprobs/773-davinci.txt,1b7426ec5822212b66bfcce70d526b856bf76e8f,0,3.869464,4.080434,-0.210969,0.065339,1,GB-wp,human
/content/nlp_project/repos/ghostbuster/data/wp/gpt_semantic/logprobs/659-davinci.txt,9d8e0b693109b9d8d37f53c88ca576c56825d086,1,3.908197,4.162365,-0.254168,0.022140,1,GB-wp,ai
/content/nlp_project/repos/ghostbuster/data/wp/claude/168.txt,1671a058860ff15273fee083574ae28714a1715a,1,3.372947,3.552692,-0.179745,0.096564,1,GB-wp,ai
/content/nlp_project/repos/ghostbuster/data/wp/human/logprobs/930-davinci.txt,d3be8e8d3bc107136718252f4e41c6ed968788df,0,3.921971,4.158629,-0.236658,0.039650,1,GB-wp,human
/content/nlp_project/repos/ghostbuster/data/wp/human/logprobs/878-davinci.txt,2c92fb4ef8a1752dd312fbc4f4f2dc6b20d7da84,0,3.852033,4.085040,-0.233007,0.043301,1,GB-wp,human
/content/nlp_project/repos/ghostbuster/data/wp/human/logprobs/68-ada.txt,9c38a916621c4c18a88f53b2113cfa007f932d44,0,3.908562,4.153202,-0.244640,0.031669,1,GB-wp,human
/content/nlp_project/repos/ghostbuster/data/wp/human/logprobs/252-ada.txt,d166f5945879573e27f63fe381a5937a4794b138,0,3.845453,4.080640,-0.235187,0.041122,1,GB-wp,human
/content/nlp_project/repos/ghostbuster/data/wp/gpt_prompt2/logprobs/768-ada.txt,b4bd5813f6400ef8691d9646cf0bf3b63fd9a224,1,3.978043,4.215933,-0.237890,0.038419,1,GB-wp,ai
/content/nlp_project/repos/ghostbuster/data/wp/human/585.txt,906c29ad9face88decc93413569098a2bcf93228,0,2.679472,2.948394,-0.268922,0.007387,1,GB-wp,human
/content/nlp_project/repos/ghostbuster/data/wp/human/58.txt,683cd83eb5c80366bf8879e77f342f67db81dfb8,0,2.605172,2.803103,-0.197931,0.078378,1,GB-wp,human
/content/nlp_project/repos/ghostbuster/data/wp/gpt/logprobs/315-ada.txt,8f93c52d20dafb5f1c73e19201e566ec55cd9a11,1,3.936864,4.208974,-0.272110,0.004199,1,GB-wp,ai
/content/nlp_project/repos/ghostbuster/data/wp/human/736.txt,909b96b6bfdd41d6c3bf392eba48b2cf25415a6c,0,3.437500,3.688368,-0.250868,0.025441,1,GB-wp,human
/content/nlp_project/repos/ghostbuster/data/wp/gpt_prompt2/logprobs/416-davinci.txt,9292f32253e791989fc42261484b2c777b10e87b,1,3.913301,4.151016,-0.237715,0.038593,1,GB-wp,ai
/content/nlp_project/repos/ghostbuster/data/wp/human/324.txt,1c56de9e9e5dc9ba3ed4e27f85e0c0485c8b6d58,0,3.251633,3.428338,-0.176705,0.099603,1,GB-wp,human
/content/nlp_project/repos/ghostbuster/data/wp/gpt/759.txt,4f19401f5afdd6ef9cc7f1933d45723c3083632b,1,2.933208,2.967811,-0.034603,0.241706,1,GB-wp,ai
/content/nlp_project/repos/ghostbuster/data/wp/human/logprobs/865-davinci.txt,d0b41dbc66b1dc44e9281480d3ecc4b9dad3f2b1,0,3.903564,4.152710,-0.249146,0.027163,1,GB-wp,human
/content/nlp_project/repos/ghostbuster/data/wp/human/logprobs/614-davinci.txt,dce7e27afd22cce434832357892429506b90286b,0,3.936994,4.150203,-0.213209,0.063100,1,GB-wp,human
/content/nlp_project/repos/ghostbuster/data/wp/human/logprobs/492-ada.txt,50df71a8d93cf3377c358dbe37afb890b897bbf9,0,3.909642,4.150790,-0.241148,0.035161,1,GB-wp,human
/content/nlp_project/repos/ghostbuster/data/wp/human/428.txt,8369a123ce6bf1edd11c5fd6f91708b29b7e64ef,0,2.981124,3.176364,-0.195240,0.081069,1,GB-wp,human
/content/nlp_project/repos/ghostbuster/data/wp/human/logprobs/586-davinci.txt,2397dfdfdb1d210f813de05cf0f7ef5d249a0694,0,3.819967,4.063681,-0.243714,0.032594,1,GB-wp,human
/content/nlp_project/repos/ghostbuster/data/wp/human/logprobs/567-ada.txt,b3ff3444adab44a51dda50bee1052818dc4ddec3,0,3.838356,4.096404,-0.258048,0.018261,1,GB-wp,human
/content/nlp_project/repos/ghostbuster/data/wp/human/117.txt,46ae86c58518c812e8fff8c9fec263860c21fb7c,0,3.248792,3.479469,-0.230676,0.045632,1,GB-wp,human
/content/nlp_project/repos/ghostbuster/data/wp/gpt_semantic/logprobs/715-davinci.txt,58796da0d52f3b98d036eb1f47505e49ede064ed,1,3.929715,4.175701,-0.245986,0.030323,1,GB-wp,ai
/content/nlp_project/repos/ghostbuster/data/wp/gpt_semantic/logprobs/425-davinci.txt,76cd153c326ee5a661b3e4c21decb937a6b703b7,1,3.848793,4.090442,-0.241650,0.034659,1,GB-wp,ai
/content/nlp_project/repos/ghostbuster/data/wp/human/262.txt,a08b623a5e7cb7a5b19ac67ed34e3676c8c946db,0,3.561644,3.744292,-0.182648,0.093660,1,GB-wp,human
/content/nlp_project/repos/ghostbuster/data/wp/gpt_prompt2/logprobs/396-davinci.txt,5899ecfbd655d7f4db1944e292f72aa2976d223b,1,3.908141,4.161382,-0.253241,0.023068,1,GB-wp,ai
/content/nlp_project/repos/ghostbuster/data/wp/human/50.txt,0dcd3209b9a3da482463ca7258eec30bd2e5e9fc,0,3.970905,4.214440,-0.243534,0.032774,1,GB-wp,human
/content/nlp_project/repos/ghostbuster/data/wp/human/72.txt,2bdaae63b07cc1aec4d13b7a5a869e29bd754d04,0,3.375361,3.639784,-0.264423,0.011886,1,GB-wp,human
/content/nlp_project/repos/ghostbuster/data/wp/human/857.txt,1d2537b88013d2b1e76ea77b996162a8db97c64a,0,2.987500,3.266160,-0.278660,-0.002352,0,GB-wp,human
/content/nlp_project/repos/ghostbuster/data/wp/human/logprobs/309-davinci.txt,7c544ca56471b40a701a3df6cd185b5626090d77,0,3.784504,4.022397,-0.237893,0.038415,1,GB-wp,human
/content/nlp_project/repos/ghostbuster/data/wp/gpt_prompt2/logprobs/814-davinci.txt,1d084b310529f1c2101d6edbc5900485cbbdcc62,1,3.861811,4.120719,-0.258907,0.017401,1,GB-wp,ai
/content/nlp_project/repos/ghostbuster/data/wp/gpt_prompt2/logprobs/951-davinci.txt,6d3fa94e22fe5263c0b18fc2607ea809e8f5cf3d,1,4.024340,4.255967,-0.231627,0.044682,1,GB-wp,ai
/content/nlp_project/repos/ghostbuster/data/wp/gpt_semantic/logprobs/419-ada.txt,73e05d567fa35ee4aabcd36407ee37035d2ab374,1,3.966953,4.213997,-0.247044,0.029265,1,GB-wp,ai
/content/nlp_project/repos/ghostbuster/data/wp/human/logprobs/119-ada.txt,2365e32c5c01ac85116af2eedfc0d86adfc20351,0,3.856542,4.086590,-0.230048,0.046261,1,GB-wp,human
/content/nlp_project/repos/ghostbuster/data/wp/human/582.txt,f873f7a6b03293363c5e84a4bf844a16a7ebde03,0,3.764974,3.962500,-0.197526,0.078783,1,GB-wp,human
/content/nlp_project/repos/ghostbuster/data/wp/human/412.txt,e7602c458e1e4bacc92f9e9e0c6c104d721da9b5,0,3.661989,3.926624,-0.264635,0.011673,1,GB-wp,human
/content/nlp_project/repos/ghostbuster/data/wp/gpt_semantic/logprobs/118-davinci.txt,aada2b4cbb57f35b0d8b1ad60187b15cf8da8a49,1,3.952157,4.197581,-0.245424,0.030885,1,GB-wp,ai
/content/nlp_project/repos/ghostbuster/data/wp/gpt/93.txt,fb437cd9433edca7c5e3811956c0c8498be8b09d,1,2.655775,2.724164,-0.068389,0.207920,1,GB-wp,ai
/content/nlp_project/repos/ghostbuster/data/wp/human/944.txt,015fe1932e0d404482f69dd9172725468a1874fd,0,3.101974,3.405702,-0.303728,-0.027419,0,GB-wp,human
/content/nlp_project/repos/ghostbuster/data/wp/gpt_semantic/842.txt,6fb17283ef73ff426d1b34710ab76558a5113f51,1,2.645230,2.659320,-0.014090,0.262219,1,GB-wp,ai
/content/nlp_project/repos/ghostbuster/data/wp/gpt_writing/761.txt,26bb38764375113d0ed9e107214e1a897520a058,1,2.939083,3.070265,-0.131182,0.145126,1,GB-wp,ai
/content/nlp_project/repos/ghostbuster/data/wp/gpt_semantic/50.txt,cc70592af35257cbe45654d6122dca08878e9248,1,3.260762,3.336507,-0.075745,0.200564,1,GB-wp,ai
/content/nlp_project/repos/ghostbuster/data/wp/gpt_writing/logprobs/713-ada.txt,4fc39a11f5223020985bbd78c768dfb406858878,1,3.970791,4.217567,-0.246776,0.029533,1,GB-wp,ai
/content/nlp_project/repos/ghostbuster/data/wp/human/logprobs/290-davinci.txt,c426829e84bc42e6e76b7b9fc835d93a92b2378d,0,3.929833,4.139805,-0.209972,0.066337,1,GB-wp,human
/content/nlp_project/repos/ghostbuster/data/wp/human/logprobs/521-davinci.txt,3dcffc5a0328f665ec9f0d09cfa0b79a503ae7c9,0,3.794490,4.026645,-0.232155,0.044154,1,GB-wp,human
/content/nlp_project/repos/ghostbuster/data/wp/human/386.txt,c2ec2c8dcf8ccb3bac3b6f64d02c291eda2aa215,0,3.559767,3.741254,-0.181487,0.094822,1,GB-wp,human
/content/nlp_project/repos/ghostbuster/data/wp/claude/632.txt,e46754164b22e3844519135143d8c09ca5be9d43,1,2.765661,2.898064,-0.132403,0.143905,1,GB-wp,ai
/content/nlp_project/repos/ghostbuster/data/wp/human/logprobs/107-davinci.txt,dcab099d68c041373fa97d1b24960c0ca1fc06e4,0,3.834979,4.084616,-0.249638,0.026671,1,GB-wp,human
/content/nlp_project/repos/ghostbuster/data/wp/gpt_writing/117.txt,38d06160138c50baa4d80ff247988cb11f1f5afb,1,2.836769,2.917145,-0.080376,0.195933,1,GB-wp,ai
/content/nlp_project/repos/ghostbuster/data/wp/human/logprobs/820-ada.txt,0d90bb12bac346e4b6976fe1a8ed47caa7251eb5,0,3.854427,4.104199,-0.249772,0.026536,1,GB-wp,human
/content/nlp_project/repos/ghostbuster/data/wp/gpt/19.txt,cce46a3dbe98790cfb3f09b38a48439c6a01f440,1,2.957629,3.081158,-0.123529,0.152779,1,GB-wp,ai
/content/nlp_project/repos/ghostbuster/data/wp/gpt_semantic/logprobs/701-ada.txt,70cc5efceeed4a2fa55a8e90a748cef267a32d2d,1,3.875030,4.131669,-0.256639,0.019670,1,GB-wp,ai
/content/nlp_project/repos/ghostbuster/data/wp/gpt/logprobs/362-ada.txt,c727068c1eb9144a44c4e0cc54154c821189266d,1,3.970520,4.229897,-0.259377,0.016931,1,GB-wp,ai
/content/nlp_project/repos/ghostbuster/data/wp/claude/logprobs/232-davinci.txt,b95ea63c73985f830b9792bea73c1afd393ba763,1,3.814780,4.066709,-0.251929,0.024379,1,GB-wp,ai
/content/nlp_project/repos/ghostbuster/data/wp/claude/482.txt,3753644b1be32237f7045af1b572bffce119aa4b,1,2.692698,2.870690,-0.177992,0.098317,1,GB-wp,ai
/content/nlp_project/repos/ghostbuster/data/wp/gpt_semantic/logprobs/629-davinci.txt,559a7a278b6cfde52c7d1ef0798e9eee4302ab03,1,3.913588,4.184731,-0.271143,0.005165,1,GB-wp,ai
/content/nlp_project/repos/ghostbuster/data/wp/gpt_semantic/25.txt,86fd6ce93869f4f9d6e25f87054c9a6a4dfc8126,1,3.231849,3.376871,-0.145022,0.131286,1,GB-wp,ai
/content/nlp_project/repos/ghostbuster/data/wp/human/logprobs/436-ada.txt,1d099e242acdfb9a49b56f0bed374c37671b725a,0,3.992064,4.201234,-0.209170,0.067139,1,GB-wp,human
/content/nlp_project/repos/ghostbuster/data/wp/human/logprobs/218-davinci.txt,6eefe036f08a787e6691e99ebbea42c85e84dc54,0,3.946998,4.164418,-0.217420,0.058889,1,GB-wp,human
/content/nlp_project/repos/ghostbuster/data/wp/human/logprobs/83-ada.txt,d81249e6b4b04c7c26671ee18e0a8f62e8297626,0,3.905687,4.140707,-0.235020,0.041289,1,GB-wp,human
/content/nlp_project/repos/ghostbuster/data/wp/human/logprobs/655-davinci.txt,1d1425ec889d80ad9df301be1c1fb63264ff5a4a,0,3.837257,4.079357,-0.242100,0.034209,1,GB-wp,human
/content/nlp_project/repos/ghostbuster/data/wp/gpt_prompt2/logprobs/381-ada.txt,edf9e053168e776870ec9989e00d5b2a390ea0fc,1,3.741886,3.981744,-0.239858,0.036451,1,GB-wp,ai
/content/nlp_project/repos/ghostbuster/data/wp/gpt_prompt1/logprobs/700-ada.txt,812f8f8006bb50ed472c080b19fac7e65e7764a3,1,3.897648,4.139937,-0.242289,0.034020,1,GB-wp,ai
/content/nlp_project/repos/ghostbuster/data/wp/gpt_prompt2/601.txt,b6178faa46b9e24d8898b4ce2933d5cc2b910f01,1,2.983196,3.025059,-0.041863,0.234445,1,GB-wp,ai
/content/nlp_project/repos/ghostbuster/data/wp/human/120.txt,2d2191d41c110826074d44d114f002504c627bca,0,3.034545,3.216136,-0.181591,0.094718,1,GB-wp,human
/content/nlp_project/repos/ghostbuster/data/wp/human/logprobs/574-ada.txt,106deb5c4eba2750ebfdafbdfa889eb3c7cfdabb,0,3.918621,4.139156,-0.220535,0.055773,1,GB-wp,human
/content/nlp_project/repos/ghostbuster/data/wp/human/156.txt,18325a4179cf69a0d64bcb99b01843b9cbc67a3c,0,2.540121,2.718692,-0.178571,0.097737,1,GB-wp,human
/content/nlp_project/repos/ghostbuster/data/wp/gpt_prompt1/logprobs/771-ada.txt,2d2eb3ad112958785a69bd9c322a549d56425b42,1,3.874245,4.090360,-0.216115,0.060194,1,GB-wp,ai
/content/nlp_project/repos/ghostbuster/data/wp/human/logprobs/371-davinci.txt,3f947e59fca0aa15c03962a098104575c6b9afcb,0,3.732942,3.978867,-0.245925,0.030384,1,GB-wp,human
/content/nlp_project/repos/ghostbuster/data/wp/human/847.txt,5730f620e7873eb1c86a916e9e79b5f30987f2dd,0,3.075463,3.250435,-0.174971,0.101338,1,GB-wp,human
/content/nlp_project/repos/ghostbuster/data/wp/gpt_writing/logprobs/72-ada.txt,8ebdf61eeac42c9a95490cc4b8e05b5c4bd7ce30,1,3.909573,4.167526,-0.257953,0.018356,1,GB-wp,ai
/content/nlp_project/repos/ghostbuster/data/wp/claude/logprobs/145-davinci.txt,5b4447b7f4f6b4e62948f96c00291255e0ff31cc,1,3.931685,4.135209,-0.203525,0.072784,1,GB-wp,ai
/content/nlp_project/repos/ghostbuster/data/wp/gpt/logprobs/276-davinci.txt,92e536b50e5ad5d3fbc3763b7dcf47b10723191f,1,4.007835,4.260891,-0.253056,0.023253,1,GB-wp,ai
/content/nlp_project/repos/ghostbuster/data/wp/human/785.txt,abb5adb53e811a35de908ed836bba72ff2a5a19b,0,3.794118,3.986320,-0.192202,0.084106,1,GB-wp,human
/content/nlp_project/repos/ghostbuster/data/wp/gpt_prompt2/logprobs/232-ada.txt,3d974ddfb9ecf6d577c8ccd3c1c99b2317bfc0df,1,3.934093,4.181058,-0.246965,0.029344,1,GB-wp,ai
/content/nlp_project/repos/ghostbuster/data/wp/human/logprobs/432-davinci.txt,7558f0f098422f4203cb040d570b6b2a2b3cf7ea,0,3.907495,4.137543,-0.230049,0.046260,1,GB-wp,human
/content/nlp_project/repos/ghostbuster/data/wp/human/logprobs/57-davinci.txt,4b0851d774250ccdf807ce5be7a170b6a85558f4,0,3.876531,4.124877,-0.248346,0.027963,1,GB-wp,human
/content/nlp_project/repos/ghostbuster/data/wp/human/logprobs/153-ada.txt,3d8c42be5e92780ef9fe2a8ee6508e3b07d45968,0,3.886339,4.100883,-0.214544,0.061765,1,GB-wp,human
/content/nlp_project/repos/ghostbuster/data/wp/gpt/738.txt,464b19a00f781b87c214260d8b4f7e8a173bdc9a,1,2.754972,2.748381,0.006591,0.282900,1,GB-wp,ai
/content/nlp_project/repos/ghostbuster/data/wp/gpt_semantic/logprobs/830-ada.txt,561ad7578945ae0c19e843c8b4085018cffa0133,1,3.996346,4.240456,-0.244110,0.032199,1,GB-wp,ai
/content/nlp_project/repos/ghostbuster/data/wp/human/172.txt,345841ad58ea95b186353fb7c2c9f44753f292f0,0,3.024790,3.299812,-0.275022,0.001287,1,GB-wp,human
/content/nlp_project/repos/ghostbuster/data/wp/gpt/logprobs/160-davinci.txt,f252c5010abbb5fa1dbd0ae3a7ad59e83926349c,1,3.861775,4.107067,-0.245292,0.031016,1,GB-wp,ai
/content/nlp_project/repos/ghostbuster/data/wp/claude/660.txt,3628fb1717764a5bc09caaef4c99c185b1a315d9,1,2.592691,2.672140,-0.079449,0.196859,1,GB-wp,ai
/content/nlp_project/repos/ghostbuster/data/wp/human/logprobs/774-davinci.txt,e0777276c3b6672d27cb2bf0e0b3f2405321c392,0,3.842240,4.078204,-0.235964,0.040345,1,GB-wp,human
/content/nlp_project/repos/ghostbuster/data/wp/human/683.txt,f2b4e71e937aea01c491617196d92585f186df44,0,3.428592,3.634977,-0.206385,0.069923,1,GB-wp,human
/content/nlp_project/repos/ghostbuster/data/wp/gpt_semantic/81.txt,5edccf9f2849501dbd024eedc244e7bf7e809479,1,3.009043,3.100000,-0.090957,0.185351,1,GB-wp,ai
/content/nlp_project/repos/ghostbuster/data/wp/claude/logprobs/524-davinci.txt,7f88ecda040db3874ff231fc2d07b303bdc24ee7,1,3.950109,4.163342,-0.213233,0.063076,1,GB-wp,ai
/content/nlp_project/repos/ghostbuster/data/wp/human/98.txt,4e6fe55b4d34ad19e07f79a1643e5d78cfae1f23,0,3.143795,3.278306,-0.134511,0.141798,1,GB-wp,human
/content/nlp_project/repos/ghostbuster/data/wp/human/578.txt,1aa3fe265a58544952d3cd096bb1cab6adedddc4,0,3.219681,3.400336,-0.180656,0.095653,1,GB-wp,human
/content/nlp_project/repos/ghostbuster/data/wp/human/logprobs/535-ada.txt,9ad6eb952ac95c492376280e2c65e4968a97df3f,0,3.881305,4.097611,-0.216306,0.060003,1,GB-wp,human
/content/nlp_project/repos/ghostbuster/data/wp/gpt_semantic/logprobs/983-davinci.txt,06b0978463d2a8fae9ee09ea08e20c038efcd46c,1,3.894424,4.145820,-0.251395,0.024913,1,GB-wp,ai
/content/nlp_project/repos/ghostbuster/data/wp/gpt_prompt2/logprobs/390-davinci.txt,b86b601b50bb87f01eb4518ea24bf46e945f7006,1,3.898709,4.162567,-0.263858,0.012450,1,GB-wp,ai
/content/nlp_project/repos/ghostbuster/data/wp/gpt_prompt2/282.txt,c269b8a0b16142a1876a1bbf1e2f544efe5fb91b,1,3.123724,3.230867,-0.107143,0.169166,1,GB-wp,ai
/content/nlp_project/repos/ghostbuster/data/wp/claude/422.txt,ba9d88cf7027a9e3c53318c354b1ea415258aff3,1,2.378567,2.493176,-0.114609,0.161699,1,GB-wp,ai
/content/nlp_project/repos/ghostbuster/data/wp/human/logprobs/680-ada.txt,882cbfb2ff0c250392fb58ab6f4de800f250c8bd,0,3.884220,4.114941,-0.230722,0.045587,1,GB-wp,human
/content/nlp_project/repos/ghostbuster/data/wp/human/logprobs/592-davinci.txt,e3c1c0b0b2a6d5ac7d9e73d2561350c8b99417ed,0,3.930894,4.159156,-0.228263,0.048046,1,GB-wp,human
/content/nlp_project/repos/ghostbuster/data/wp/human/logprobs/190-ada.txt,aefe006d7c210b93c24b5575b8ebaa3ca2f2996b,0,3.956973,4.184211,-0.227238,0.049070,1,GB-wp,human
/content/nlp_project/repos/ghostbuster/data/wp/claude/logprobs/158-ada.txt,ab328db146abb40c6a7d03c305fbae1ad5fe57db,1,3.841223,4.091952,-0.250729,0.025580,1,GB-wp,ai
/content/nlp_project/repos/ghostbuster/data/wp/human/logprobs/402-ada.txt,8d472c2e9901b468115fc47812692a6d3128c4f4,0,3.840079,4.068619,-0.228541,0.047768,1,GB-wp,human
/content/nlp_project/repos/ghostbuster/data/wp/gpt_prompt1/logprobs/698-ada.txt,a57a1e6d5580888223cfacf23a472181a05df844,1,3.934765,4.183663,-0.248898,0.027411,1,GB-wp,ai
/content/nlp_project/repos/ghostbuster/data/wp/gpt/logprobs/80-davinci.txt,d8af94a139c5dc9419d149bff3f830d05707cdfa,1,3.888775,4.134867,-0.246092,0.030217,1,GB-wp,ai
/content/nlp_project/repos/ghostbuster/data/wp/gpt_prompt2/logprobs/25-ada.txt,b48e43a0dab17166803e31e237e9efd13237e0fc,1,3.874962,4.117267,-0.242305,0.034004,1,GB-wp,ai
/content/nlp_project/repos/ghostbuster/data/wp/human/logprobs/960-davinci.txt,b3f21fa848093da7fdf4b24c505fe08993152454,0,3.961867,4.180654,-0.218787,0.057522,1,GB-wp,human
/content/nlp_project/repos/ghostbuster/data/wp/claude/logprobs/759-davinci.txt,3d25572e0571e974418f402512a04c6dfb463e78,1,3.908668,4.144661,-0.235992,0.040317,1,GB-wp,ai
/content/nlp_project/repos/ghostbuster/data/wp/gpt_semantic/logprobs/321-ada.txt,3cf6e1191ac7d8d7825639da3622fc8f78d70fc2,1,3.919495,4.170984,-0.251489,0.024820,1,GB-wp,ai
/content/nlp_project/repos/ghostbuster/data/wp/gpt_prompt1/logprobs/212-davinci.txt,70336b47696349e05fbbcf514b7b76ac660d97e8,1,3.934841,4.151392,-0.216551,0.059758,1,GB-wp,ai
/content/nlp_project/repos/ghostbuster/data/wp/gpt_prompt1/logprobs/325-davinci.txt,50e5a92bb8e58a79cfbedadb31c0e32c196e4fc1,1,3.917701,4.158040,-0.240338,0.035970,1,GB-wp,ai
/content/nlp_project/repos/ghostbuster/data/wp/gpt_writing/logprobs/871-ada.txt,b442116fc7896a89dd17583d473e9bacb028ed8b,1,3.858618,4.100161,-0.241543,0.034766,1,GB-wp,ai
/content/nlp_project/repos/ghostbuster/data/wp/gpt_prompt1/logprobs/162-ada.txt,084d9bee2e1f01a49a67b8c19f179f7f8b2f37c8,1,3.901916,4.147241,-0.245326,0.030983,1,GB-wp,ai
/content/nlp_project/repos/ghostbuster/data/wp/gpt_semantic/logprobs/171-ada.txt,f8a374c9bdf9b733e28445cb6e96efddbd9c2f3c,1,4.002720,4.229411,-0.226691,0.049618,1,GB-wp,ai
/content/nlp_project/repos/ghostbuster/data/wp/human/logprobs/817-ada.txt,71b4c304b1711cc729adb80b30f478fda4ae3dc8,0,3.999918,4.185970,-0.186051,0.090257,1,GB-wp,human
/content/nlp_project/repos/ghostbuster/data/wp/human/logprobs/965-davinci.txt,659f4a56ec37a5fe78c4fed15781f0d1adb8d09a,0,3.850385,4.080769,-0.230385,0.045924,1,GB-wp,human
/content/nlp_project/repos/ghostbuster/data/wp/human/logprobs/295-ada.txt,f3b14939c0944ee02a116869988d7437d85daa9c,0,3.922733,4.141806,-0.219072,0.057236,1,GB-wp,human
/content/nlp_project/repos/ghostbuster/data/wp/human/logprobs/917-davinci.txt,037167f89a2d53afc5cd7b5017d8ab53717cfcb5,0,3.842124,4.072233,-0.230109,0.046200,1,GB-wp,human
/content/nlp_project/repos/ghostbuster/data/wp/human/898.txt,f021f2706e6e467cc2421c65b8b0711de75790c5,0,3.368433,3.640172,-0.271739,0.004569,1,GB-wp,human
/content/nlp_project/repos/ghostbuster/data/wp/gpt_semantic/logprobs/288-davinci.txt,0efe4c2c660e817458d0211dfcd3895af42da41a,1,3.868429,4.128861,-0.260433,0.015876,1,GB-wp,ai
/content/nlp_project/repos/ghostbuster/data/wp/gpt_writing/logprobs/214-davinci.txt,1ea3fa7a272f4824c70279ee76f40e9ce8d1c217,1,3.917212,4.161518,-0.244305,0.032003,1,GB-wp,ai
/content/nlp_project/repos/ghostbuster/data/wp/human/logprobs/159-ada.txt,0b557dcc6e7a4cd0219a8e66ac3c814cae5461c5,0,3.880250,4.130250,-0.250000,0.026309,1,GB-wp,human
/content/nlp_project/repos/ghostbuster/data/wp/gpt/993.txt,8b4e4000de52af1883cf5a4cb11937cf9f370fc5,1,3.253472,3.266493,-0.013021,0.263288,1,GB-wp,ai
/content/nlp_project/repos/ghostbuster/data/wp/gpt_prompt2/logprobs/266-davinci.txt,8742a0e65f2d5a5f2703dfdde07ac8bd1747e514,1,3.959047,4.202453,-0.243407,0.032902,1,GB-wp,ai
/content/nlp_project/repos/ghostbuster/data/wp/human/logprobs/122-ada.txt,4377a707b9d1f103929326e83e99794abe6369e3,0,3.810386,4.044441,-0.234055,0.042253,1,GB-wp,human
/content/nlp_project/repos/ghostbuster/data/wp/gpt_semantic/878.txt,91925fca1e1626342c812a0e937939b9dbe25e5e,1,2.720224,2.832842,-0.112618,0.163691,1,GB-wp,ai
/content/nlp_project/repos/ghostbuster/data/wp/claude/logprobs/492-ada.txt,73d688fe14958cfd3fadc5f487400e6ed27907d4,1,3.921777,4.139874,-0.218097,0.058212,1,GB-wp,ai
/content/nlp_project/repos/ghostbuster/data/wp/human/134.txt,febe0084291a661861ba58ddd4a7e9a4c4b61646,0,3.251548,3.530960,-0.279412,-0.003103,0,GB-wp,human
/content/nlp_project/repos/ghostbuster/data/wp/gpt/893.txt,1c17c21bb24d47242578c5ef2bfda4d8d5976825,1,2.901786,3.083104,-0.181319,0.094990,1,GB-wp,ai
/content/nlp_project/repos/ghostbuster/data/wp/human/357.txt,9c91edf3d9367a60714dc319fe77b8cb6f0cae03,0,3.345139,3.584028,-0.238889,0.037420,1,GB-wp,human
/content/nlp_project/repos/ghostbuster/data/wp/human/logprobs/584-ada.txt,865e033e2e199748bfc51d9f58542b128e502a43,0,4.001022,4.214193,-0.213171,0.063138,1,GB-wp,human
/content/nlp_project/repos/ghostbuster/data/wp/human/logprobs/450-ada.txt,8166293d4b8b30317a8632335f0a52647ef0e03a,0,3.980526,4.202829,-0.222303,0.054006,1,GB-wp,human
/content/nlp_project/repos/ghostbuster/data/wp/gpt_semantic/logprobs/974-davinci.txt,3c26d1a3444f6328333c9b670c5e032b968895c7,1,3.877282,4.122578,-0.245296,0.031012,1,GB-wp,ai
/content/nlp_project/repos/ghostbuster/data/wp/human/163.txt,a8febebee4c2d3cc76bf3ce43d3403de922764f1,0,3.310841,3.515044,-0.204204,0.072105,1,GB-wp,human
/content/nlp_project/repos/ghostbuster/data/wp/human/960.txt,8a865b5967999e17d3c4b6a44e7ce13725c2b121,0,3.206395,3.400436,-0.194041,0.082268,1,GB-wp,human
/content/nlp_project/repos/ghostbuster/data/wp/human/logprobs/815-ada.txt,9af3d547ba0c1804ebc3e192a68503411a16c708,0,3.941069,4.149467,-0.208398,0.067910,1,GB-wp,human
/content/nlp_project/repos/ghostbuster/data/wp/gpt/logprobs/11-davinci.txt,fc9e02964b9e9ad7b0aeeb480b91c25844cb5487,1,3.911715,4.158221,-0.246506,0.029803,1,GB-wp,ai
/content/nlp_project/repos/ghostbuster/data/wp/gpt_prompt1/396.txt,82e599be2cbf571caf1f70aa046155bb6fa3d1dd,1,3.128310,3.135486,-0.007177,0.269132,1,GB-wp,ai
/content/nlp_project/repos/ghostbuster/data/wp/human/130.txt,6123069d1b7c932d4b6f017d393c0daac15b464b,0,2.712418,2.903050,-0.190632,0.085677,1,GB-wp,human
/content/nlp_project/repos/ghostbuster/data/wp/human/logprobs/804-davinci.txt,70c6978845b69bf20661010292ec09cd40b461af,0,3.929701,4.143462,-0.213761,0.062548,1,GB-wp,human
/content/nlp_project/repos/ghostbuster/data/wp/gpt_prompt1/logprobs/966-ada.txt,30f6061453815c77dcc29d4637cc3aaa7de609c0,1,3.987832,4.224853,-0.237021,0.039288,1,GB-wp,ai
/content/nlp_project/repos/ghostbuster/data/wp/gpt_writing/logprobs/953-davinci.txt,8be006bd268612ad282eb1923572f38eb3616b80,1,3.930442,4.185604,-0.255162,0.021146,1,GB-wp,ai
/content/nlp_project/repos/ghostbuster/data/wp/human/logprobs/310-ada.txt,ec74556854953af8b197b9803c4cb483978e04b7,0,3.998590,4.204866,-0.206276,0.070032,1,GB-wp,human
/content/nlp_project/repos/ghostbuster/data/wp/human/logprobs/609-ada.txt,85c6860f0082b6619d84abc3012616f5f6ea9dcb,0,3.772582,4.031668,-0.259086,0.017223,1,GB-wp,human
/content/nlp_project/repos/ghostbuster/data/wp/gpt_writing/736.txt,083f70503c7c6243f29090daf95ae7dac880e7d6,1,2.640086,2.602986,0.037100,0.313408,1,GB-wp,ai
/content/nlp_project/repos/ghostbuster/data/wp/gpt_semantic/logprobs/554-ada.txt,094c1d2fa49f56bd05e38d72e9a45b151e1b9041,1,3.913377,4.149156,-0.235779,0.040530,1,GB-wp,ai
/content/nlp_project/repos/ghostbuster/data/wp/gpt/logprobs/532-ada.txt,866179433a87b87551e9ef9591a5c07a0e30a386,1,3.959799,4.186060,-0.226261,0.050047,1,GB-wp,ai
/content/nlp_project/repos/ghostbuster/data/wp/gpt_semantic/logprobs/48-ada.txt,1754ee91ed4ef9193783573077c215967ab250e5,1,3.939498,4.210280,-0.270782,0.005527,1,GB-wp,ai
/content/nlp_project/repos/ghostbuster/data/wp/gpt_prompt1/124.txt,ecf5cbd2685f852313234ce1551c9624a6513af3,1,2.811622,2.922928,-0.111306,0.165002,1,GB-wp,ai
/content/nlp_project/repos/ghostbuster/data/wp/gpt_writing/741.txt,621158e624da84648eb551947819a569b537eef3,1,3.330665,3.400752,-0.070086,0.206222,1,GB-wp,ai
/content/nlp_project/repos/ghostbuster/data/wp/human/logprobs/533-ada.txt,b4e72c7c7dbfabd91decdf81b5920e0feac7a532,0,3.913375,4.148553,-0.235178,0.041130,1,GB-wp,human
/content/nlp_project/repos/ghostbuster/data/wp/human/logprobs/281-davinci.txt,4760543254bfac06fb5e7b68136771f9526c0ed9,0,3.895077,4.122196,-0.227119,0.049190,1,GB-wp,human
/content/nlp_project/repos/ghostbuster/data/wp/claude/413.txt,d88727dbe0aaec3f9414b0fdefb611b27047f2d1,1,2.489832,2.620149,-0.130317,0.145991,1,GB-wp,ai
/content/nlp_project/repos/ghostbuster/data/wp/human/logprobs/57-ada.txt,28c816b4b95b44588dc166ae912560ea4240e73d,0,3.855715,4.082884,-0.227170,0.049139,1,GB-wp,human
/content/nlp_project/repos/ghostbuster/data/wp/human/logprobs/179-ada.txt,fc4ec796833e38b5d9df749404401c7780d83a54,0,3.953716,4.167978,-0.214262,0.062046,1,GB-wp,human
/content/nlp_project/repos/ghostbuster/data/wp/human/603.txt,bb9fd49baea158f4be002d6946c043b2d6e8a277,0,3.034781,3.270170,-0.235390,0.040919,1,GB-wp,human
/content/nlp_project/repos/ghostbuster/data/wp/gpt_prompt2/logprobs/906-davinci.txt,9996304d3870b81d24fc47d8c4c6921c46a2c7b3,1,3.920664,4.164807,-0.244143,0.032166,1,GB-wp,ai
/content/nlp_project/repos/ghostbuster/data/wp/gpt_prompt2/logprobs/456-ada.txt,7bad0fea881029728f2638f2bfc3a0c45f1ef423,1,3.984596,4.218114,-0.233518,0.042791,1,GB-wp,ai
/content/nlp_project/repos/ghostbuster/data/wp/human/337.txt,3816a3d08c8cd6c7d6e2dd5772ed713a1b3019fb,0,3.193807,3.403440,-0.209633,0.066676,1,GB-wp,human
/content/nlp_project/repos/ghostbuster/data/wp/human/579.txt,a9274526512377d52d2c9aa4d8588d6fddb3d0c4,0,3.093254,3.312169,-0.218915,0.057393,1,GB-wp,human
/content/nlp_project/repos/ghostbuster/data/wp/gpt_prompt2/763.txt,7cb6e4c942fd8b15ee67922f25bf2a47052368e9,1,3.140152,3.198015,-0.057863,0.218446,1,GB-wp,ai
/content/nlp_project/repos/ghostbuster/data/wp/gpt_prompt1/logprobs/941-ada.txt,b9d410d4c732063d3c2e6ca218b0d902b4ccd083,1,3.908939,4.145716,-0.236778,0.039531,1,GB-wp,ai
/content/nlp_project/repos/ghostbuster/data/wp/human/842.txt,9fd725cfee7889bf1f7686d9fc3a572bf3962413,0,3.379503,3.629931,-0.250429,0.025880,1,GB-wp,human
/content/nlp_project/repos/ghostbuster/data/wp/human/logprobs/270-davinci.txt,856b4d13102f63499f44b31a4d02a97e93b294d2,0,3.961415,4.178725,-0.217310,0.058999,1,GB-wp,human
/content/nlp_project/repos/ghostbuster/data/wp/gpt_writing/logprobs/790-davinci.txt,5fed4c1f9ab70fa79bb8e635b17aa531e138d04b,1,3.937715,4.174882,-0.237167,0.039142,1,GB-wp,ai
/content/nlp_project/repos/ghostbuster/data/wp/human/444.txt,75c53e424efa6562a7e8217a7543563645db93f9,0,3.208571,3.465557,-0.256986,0.019322,1,GB-wp,human
/content/nlp_project/repos/ghostbuster/data/wp/human/logprobs/619-ada.txt,43428934d4c7db9dc58681adba9b162d4cac9b94,0,3.852588,4.073472,-0.220884,0.055425,1,GB-wp,human
/content/nlp_project/repos/ghostbuster/data/wp/human/logprobs/837-ada.txt,d22e23898e32d0bd546f44bd1673178074c1764b,0,4.040981,4.178531,-0.137550,0.138759,1,GB-wp,human
/content/nlp_project/repos/ghostbuster/data/wp/gpt_semantic/logprobs/887-ada.txt,6ebe305dcc4325fb20ac49c5fc6bbbab23517cae,1,3.976167,4.219526,-0.243359,0.032950,1,GB-wp,ai
/content/nlp_project/repos/ghostbuster/data/wp/gpt_writing/logprobs/284-ada.txt,462c7f21b12dca9d04ea240f0831df93db6038fb,1,3.915180,4.164109,-0.248929,0.027379,1,GB-wp,ai
/content/nlp_project/repos/ghostbuster/data/wp/human/logprobs/944-davinci.txt,2a84668ee2b4911806fb690f3ea1b86bff9bdb6a,0,3.885734,4.140755,-0.255021,0.021288,1,GB-wp,human
/content/nlp_project/repos/ghostbuster/data/wp/human/logprobs/173-ada.txt,972a918bf63a87812313f52d3a3e7ac7ac84f020,0,3.983153,4.194399,-0.211246,0.065062,1,GB-wp,human
/content/nlp_project/repos/ghostbuster/data/wp/claude/45.txt,a4af2c281b0adf26058ffb3e6df04d39eeb7b78a,1,2.449271,2.546618,-0.097347,0.178962,1,GB-wp,ai
/content/nlp_project/repos/ghostbuster/data/wp/gpt_prompt2/316.txt,3d06b932d53673665d498e2d53717281775a5291,1,2.805357,2.735119,0.070238,0.346547,1,GB-wp,ai
/content/nlp_project/repos/ghostbuster/data/wp/human/86.txt,c9d41921b00385efeb8f567633606e419d2dbcf9,0,2.938104,3.166042,-0.227938,0.048371,1,GB-wp,human
/content/nlp_project/repos/ghostbuster/data/wp/claude/logprobs/86-davinci.txt,e5a71de495bafe27cd1ef148aa58b3a4a5363a75,1,3.920758,4.150535,-0.229776,0.046532,1,GB-wp,ai
/content/nlp_project/repos/ghostbuster/data/wp/gpt_semantic/logprobs/536-davinci.txt,7cfcd8681e6c14b6e35d6c4608285afcf9647c4b,1,3.907713,4.156440,-0.248727,0.027582,1,GB-wp,ai
/content/nlp_project/repos/ghostbuster/data/wp/human/logprobs/988-ada.txt,46cf358815d83cb60989004bc48476e2a85db4a1,0,3.927838,4.150576,-0.222738,0.053570,1,GB-wp,human
/content/nlp_project/repos/ghostbuster/data/wp/human/logprobs/148-ada.txt,484f332c35bdf502a80f17a5c1fb0581fac45662,0,3.807873,4.022268,-0.214395,0.061913,1,GB-wp,human
/content/nlp_project/repos/ghostbuster/data/wp/human/logprobs/853-davinci.txt,8315c6cda7fdcafeca6f5eaa5ebd79534bc55c95,0,3.970631,4.218700,-0.248069,0.028240,1,GB-wp,human
/content/nlp_project/repos/ghostbuster/data/wp/gpt_prompt1/logprobs/398-davinci.txt,871ec663732db829b4bca284082cdcf41be2915b,1,3.907297,4.113738,-0.206441,0.069868,1,GB-wp,ai
/content/nlp_project/repos/ghostbuster/data/wp/human/logprobs/503-davinci.txt,3d2117d6d1b14c9b13c2ff631484e8f87162f015,0,3.847784,4.068730,-0.220946,0.055363,1,GB-wp,human
/content/nlp_project/repos/ghostbuster/data/wp/human/logprobs/119-davinci.txt,fa3e3b8853c1fa058a026f117f127e519ea3b34e,0,3.863862,4.104983,-0.241121,0.035187,1,GB-wp,human
/content/nlp_project/repos/ghostbuster/data/wp/gpt_writing/logprobs/134-davinci.txt,b2c113ed93d2445e901e61415c13ab92ced39a7d,1,3.881021,4.141961,-0.260940,0.015369,1,GB-wp,ai
/content/nlp_project/repos/ghostbuster/data/wp/human/427.txt,fed13b1f5202e1f29e1dcfa54d7f3838ddc41dd9,0,2.892798,3.066225,-0.173427,0.102881,1,GB-wp,human
/content/nlp_project/repos/ghostbuster/data/wp/human/logprobs/686-davinci.txt,9e8616fc7479545b70ee61352981e673c4a00e21,0,3.933388,4.155872,-0.222484,0.053825,1,GB-wp,human
/content/nlp_project/repos/ghostbuster/data/wp/gpt_prompt2/978.txt,59619b086197bbc872668e03fde68f4fd7f8288b,1,2.510390,2.613901,-0.103511,0.172798,1,GB-wp,ai
/content/nlp_project/repos/ghostbuster/data/wp/gpt_prompt2/logprobs/543-davinci.txt,1387b7ced8610040b5375a8b981243370951e61e,1,3.883743,4.141673,-0.257930,0.018379,1,GB-wp,ai
/content/nlp_project/repos/ghostbuster/data/wp/gpt/logprobs/78-ada.txt,0ef46c0515ee6515145c4f5891c3f325788956dd,1,3.957588,4.190596,-0.233007,0.043301,1,GB-wp,ai
/content/nlp_project/repos/ghostbuster/data/wp/human/229.txt,aade75f5bef780962ecd79ef1138dd8fc2c491b7,0,2.944650,3.149829,-0.205179,0.071129,1,GB-wp,human
/content/nlp_project/repos/ghostbuster/data/wp/human/logprobs/635-davinci.txt,5ca1a15b2850c5c38b89f47625e1719b56aa4ee5,0,3.853684,4.093382,-0.239699,0.036610,1,GB-wp,human
/content/nlp_project/repos/ghostbuster/data/wp/human/logprobs/657-davinci.txt,b03735e408a14cefca65506d90bcb2febd8a42a2,0,3.857879,4.112145,-0.254266,0.022042,1,GB-wp,human
/content/nlp_project/repos/ghostbuster/data/wp/gpt/703.txt,eb6ca3242f4a729baac2ed8f3e993285a26fae4f,1,2.520187,2.403057,0.117130,0.393439,1,GB-wp,ai
/content/nlp_project/repos/ghostbuster/data/wp/human/279.txt,704bdddaaf816137f3242fa6043b5ceb15df7fe9,0,3.021748,3.278455,-0.256707,0.019601,1,GB-wp,human
/content/nlp_project/repos/ghostbuster/data/wp/gpt_writing/logprobs/517-davinci.txt,2b811e3bfc956e1cc5927a710e93baaf730034fe,1,3.925591,4.172605,-0.247015,0.029294,1,GB-wp,ai
/content/nlp_project/repos/ghostbuster/data/wp/gpt_prompt1/9.txt,d8e42fa66bd268c814d361bfe03ff9ed0a80e021,1,2.653029,2.763284,-0.110255,0.166054,1,GB-wp,ai
/content/nlp_project/repos/ghostbuster/data/wp/human/logprobs/726-davinci.txt,8eccfa0d7cdc76d48b7e35f0e98b35886c1d88ad,0,3.980422,4.207087,-0.226665,0.049644,1,GB-wp,human
/content/nlp_project/repos/ghostbuster/data/wp/gpt_prompt2/logprobs/454-ada.txt,c6d1ee01dfcde9351fc9d2d46a84166a6e53600e,1,3.986139,4.201543,-0.215404,0.060904,1,GB-wp,ai
/content/nlp_project/repos/ghostbuster/data/wp/human/logprobs/568-ada.txt,d058b9c87dfdfa5a6151d546746ed787e45e88d4,0,3.928628,4.148496,-0.219867,0.056441,1,GB-wp,human
/content/nlp_project/repos/ghostbuster/data/wp/human/logprobs/323-ada.txt,86cdf68057b15a9ed556e2ee21c4b98ec8157dad,0,3.998457,4.194315,-0.195857,0.080451,1,GB-wp,human
/content/nlp_project/repos/ghostbuster/data/wp/human/logprobs/959-davinci.txt,2902020df353770b115a50887c16090e7df9c021,0,3.991645,4.224441,-0.232796,0.043513,1,GB-wp,human
/content/nlp_project/repos/ghostbuster/data/wp/human/logprobs/86-davinci.txt,9310a0517332572056f80f270e47a31db7791f06,0,3.846055,4.084631,-0.238576,0.037733,1,GB-wp,human
/content/nlp_project/repos/ghostbuster/data/wp/human/logprobs/214-ada.txt,40427ee7a09fd76743576ed3682d35870ef7bbd1,0,4.009592,4.235361,-0.225770,0.050539,1,GB-wp,human
/content/nlp_project/repos/ghostbuster/data/wp/gpt/logprobs/703-davinci.txt,f51a643dde01231d5985ce899a3a35b7bcd15bd2,1,3.890177,4.139595,-0.249418,0.026891,1,GB-wp,ai
/content/nlp_project/repos/ghostbuster/data/wp/gpt/logprobs/165-ada.txt,35e7ad36674b27a8b4bb8fa5624023f79b8bb8aa,1,3.910083,4.157009,-0.246926,0.029382,1,GB-wp,ai
/content/nlp_project/repos/ghostbuster/data/wp/gpt/775.txt,ddd14cd0db6ae0d9a42133f0a7929505ebe9b09d,1,2.500369,2.498894,0.001475,0.277784,1,GB-wp,ai
/content/nlp_project/repos/ghostbuster/data/wp/human/logprobs/455-ada.txt,83e58471ba3c3a37f7589adc13800123324cf84c,0,3.917648,4.110952,-0.193304,0.083004,1,GB-wp,human
/content/nlp_project/repos/ghostbuster/data/wp/human/logprobs/395-davinci.txt,b27e3995216c9e1abc0b0f78f76c2bcadc08ffd1,0,3.933209,4.168738,-0.235529,0.040780,1,GB-wp,human
/content/nlp_project/repos/ghostbuster/data/wp/gpt/logprobs/22-davinci.txt,70ca1b8df59ac88178993d346f3cae82589e59f4,1,3.980583,4.212513,-0.231931,0.044378,1,GB-wp,ai
/content/nlp_project/repos/ghostbuster/data/wp/human/992.txt,b7d11f2d34926bce8fcf1c9257b152196b7c9515,0,3.808544,3.996157,-0.187613,0.088696,1,GB-wp,human
/content/nlp_project/repos/ghostbuster/data/wp/human/logprobs/582-davinci.txt,33f9189c66f6eb71ad6ce730bffcbbff7adb4f14,0,3.928702,4.158358,-0.229657,0.046652,1,GB-wp,human
/content/nlp_project/repos/ghostbuster/data/wp/human/263.txt,14779b8a6736f4432496978cd21b57c6bbbb2a14,0,3.131746,3.392460,-0.260714,0.015594,1,GB-wp,human
/content/nlp_project/repos/ghostbuster/data/wp/gpt_writing/609.txt,f05628c8d987550e9192f0665957997a28e0f7a7,1,2.745439,2.821551,-0.076112,0.200197,1,GB-wp,ai
/content/nlp_project/repos/ghostbuster/data/wp/human/634.txt,43797cfc6667d25975dd8c4f0e0eefbe22c9bf78,0,3.826190,4.073469,-0.247279,0.029030,1,GB-wp,human
/content/nlp_project/repos/ghostbuster/data/wp/human/logprobs/303-davinci.txt,1f14c8865f02dfea2b2595fd7c7cce90dbdbdcd9,0,3.827028,4.072450,-0.245422,0.030886,1,GB-wp,human
/content/nlp_project/repos/ghostbuster/data/wp/claude/logprobs/747-davinci.txt,324635c81879462ff6f50b9c25dc9e0bf83c36be,1,3.935218,4.168812,-0.233594,0.042715,1,GB-wp,ai
/content/nlp_project/repos/ghostbuster/data/wp/gpt_writing/logprobs/710-davinci.txt,761a24159022041c7092889a8a8e03d65eadc460,1,3.903559,4.138408,-0.234848,0.041460,1,GB-wp,ai
/content/nlp_project/repos/ghostbuster/data/wp/gpt_prompt2/logprobs/995-ada.txt,67b99873722349c2dd3dfb8017bdecd5d4de429f,1,4.133717,4.341185,-0.207469,0.068840,1,GB-wp,ai
/content/nlp_project/repos/ghostbuster/data/wp/gpt_prompt1/910.txt,73707a5a01b5dbb20ab12519d400817c50ca7f2a,1,2.949649,2.970190,-0.020541,0.255768,1,GB-wp,ai
/content/nlp_project/repos/ghostbuster/data/wp/human/logprobs/681-davinci.txt,82f12410ad2fef643db19656eb83b66f9d2c94eb,0,3.964865,4.190532,-0.225667,0.050641,1,GB-wp,human
/content/nlp_project/repos/ghostbuster/data/wp/human/logprobs/30-davinci.txt,499f80c3c07f9d2ac3625394880419fde2f6258c,0,3.979430,4.186643,-0.207213,0.069095,1,GB-wp,human
/content/nlp_project/repos/ghostbuster/data/wp/human/logprobs/331-ada.txt,742fc983c3793b0a41af575408407ad5d07e3649,0,4.010485,4.223209,-0.212724,0.063585,1,GB-wp,human
/content/nlp_project/repos/ghostbuster/data/wp/human/logprobs/928-ada.txt,05436fd9307d21ede10c890ff594443656ed9274,0,3.810273,4.054262,-0.243989,0.032319,1,GB-wp,human
/content/nlp_project/repos/ghostbuster/data/wp/human/647.txt,9db0aec0873d3cb3607366f74803ab383dde289e,0,2.974238,3.195565,-0.221326,0.054982,1,GB-wp,human
/content/nlp_project/repos/ghostbuster/data/wp/human/logprobs/600-davinci.txt,5c768e9d31d965da26539080c1fb904daaf99849,0,3.762145,3.998565,-0.236420,0.039889,1,GB-wp,human
/content/nlp_project/repos/ghostbuster/data/wp/human/192.txt,aaab1787214f143e0118ab72b6f5fcf756c4a6b6,0,3.135280,3.378427,-0.243147,0.033162,1,GB-wp,human
/content/nlp_project/repos/ghostbuster/data/wp/gpt_writing/255.txt,73eaff4319b69de8154bedd54eca840882aed4a6,1,3.106575,3.092486,0.014090,0.290398,1,GB-wp,ai
/content/nlp_project/repos/ghostbuster/data/wp/human/logprobs/340-davinci.txt,891aaec8ea0121a0d80443377cda62aeafc11672,0,3.853650,4.091692,-0.238042,0.038266,1,GB-wp,human
/content/nlp_project/repos/ghostbuster/data/wp/claude/logprobs/865-ada.txt,65a9a0144739f0947a7e4170eb2cc72e07c64879,1,3.949000,4.137969,-0.188969,0.087339,1,GB-wp,ai
/content/nlp_project/repos/ghostbuster/data/wp/gpt_prompt2/logprobs/389-ada.txt,d6422d7e5fda142f388e2b569588f329194dbfb1,1,3.966745,4.226705,-0.259959,0.016349,1,GB-wp,ai
/content/nlp_project/repos/ghostbuster/data/wp/human/527.txt,fa57b604c02d38840bf565a9f97f90ad3b1e1c79,0,3.291667,3.544940,-0.253274,0.023035,1,GB-wp,human
/content/nlp_project/repos/ghostbuster/data/wp/gpt_prompt2/195.txt,97c18590ec509bb6fbb8ca154187523aa9c2c6a7,1,1.772135,1.449219,0.322917,0.599225,1,GB-wp,ai
/content/nlp_project/repos/ghostbuster/data/wp/gpt_prompt1/logprobs/32-davinci.txt,9a79456d789d61b7b0d26d34c17c3e7f1b332cdd,1,3.900321,4.142654,-0.242332,0.033976,1,GB-wp,ai
/content/nlp_project/repos/ghostbuster/data/wp/human/logprobs/149-davinci.txt,0dc485bf90aef7e95eedaed4d9feb60ce7147ece,0,3.874050,4.111716,-0.237667,0.038642,1,GB-wp,human
/content/nlp_project/repos/ghostbuster/data/wp/gpt_prompt2/950.txt,9f461ec3d44cb193ca7111b953ca548d78939bd2,1,2.595822,2.649536,-0.053714,0.222595,1,GB-wp,ai
/content/nlp_project/repos/ghostbuster/data/wp/human/logprobs/837-davinci.txt,58f39c881f7df3b368ef7809c46ea1306716d3be,0,4.014180,4.188174,-0.173993,0.102315,1,GB-wp,human
/content/nlp_project/repos/ghostbuster/data/wp/human/logprobs/211-ada.txt,fe7268c151c41abc6e5bcc3c550317ecab6f49ea,0,3.828535,4.071666,-0.243130,0.033178,1,GB-wp,human
/content/nlp_project/repos/ghostbuster/data/wp/gpt_prompt1/logprobs/76-ada.txt,06b159823c526279f4c777651e210f8b03dd3e34,1,3.961027,4.200758,-0.239730,0.036578,1,GB-wp,ai
/content/nlp_project/repos/ghostbuster/data/wp/human/logprobs/749-davinci.txt,1dbb295d0ae9f44d08a64236e582d227a8c465a7,0,3.923413,4.146766,-0.223352,0.052956,1,GB-wp,human
/content/nlp_project/repos/ghostbuster/data/wp/gpt_semantic/390.txt,dcc5073e75f2c9b1841cda1cda807cca27fd3b51,1,2.900938,2.995699,-0.094760,0.181548,1,GB-wp,ai
/content/nlp_project/repos/ghostbuster/data/wp/human/317.txt,82dcb022fbea5e3a7eb4ed6cac3204448b78c481,0,3.439919,3.682043,-0.242124,0.034184,1,GB-wp,human
/content/nlp_project/repos/ghostbuster/data/wp/human/logprobs/608-ada.txt,5eeccc7d27afc53a58cfaa33102e03342872a82a,0,3.883324,4.105887,-0.222563,0.053746,1,GB-wp,human
/content/nlp_project/repos/ghostbuster/data/wp/gpt_prompt1/470.txt,8e3cca3bd643de72871ee4ba3e3004b55f18c06e,1,2.391695,2.490154,-0.098459,0.177850,1,GB-wp,ai
/content/nlp_project/repos/ghostbuster/data/wp/human/logprobs/167-ada.txt,c8a12c08331b3a0adfc3fef0ef783054a6218639,0,3.942083,4.157909,-0.215826,0.060483,1,GB-wp,human
/content/nlp_project/repos/ghostbuster/data/wp/human/866.txt,7bac25cc0db5cee3a701147ec8b8222d92863b59,0,3.209711,3.378099,-0.168388,0.107920,1,GB-wp,human
/content/nlp_project/repos/ghostbuster/data/wp/claude/logprobs/771-ada.txt,516ed5ecadd1103c3509c65977c53d07687e9fdf,1,3.809305,4.043064,-0.233759,0.042549,1,GB-wp,ai
/content/nlp_project/repos/ghostbuster/data/wp/human/logprobs/319-ada.txt,8a45a6f0d361e8f4a96828f3e008ac5c313537b8,0,3.923882,4.135170,-0.211288,0.065021,1,GB-wp,human
/content/nlp_project/repos/ghostbuster/data/wp/claude/logprobs/630-davinci.txt,f74589b830726f9f24ad5482dd2de3d21f5cea30,1,4.010158,4.184246,-0.174089,0.102220,1,GB-wp,ai
/content/nlp_project/repos/ghostbuster/data/wp/human/logprobs/714-ada.txt,11443b275bb692d354bf76edc25042c7b2404769,0,3.868065,4.108839,-0.240775,0.035534,1,GB-wp,human
/content/nlp_project/repos/ghostbuster/data/wp/gpt_prompt2/680.txt,ebe1d428de8b4349b173d82b2e236c204d69c8b0,1,2.660477,2.643236,0.017241,0.293550,1,GB-wp,ai
/content/nlp_project/repos/ghostbuster/data/wp/gpt_prompt1/793.txt,ff1079b08c2828cb23c0af415fd703aa7f652185,1,3.302939,3.382901,-0.079962,0.196347,1,GB-wp,ai
/content/nlp_project/repos/ghostbuster/data/wp/human/75.txt,3057d7cae0c2693aa2e33451d3d673b01709ccf5,0,3.370902,3.563817,-0.192916,0.083393,1,GB-wp,human
/content/nlp_project/repos/ghostbuster/data/wp/claude/931.txt,25551e535ef5b090b8a70636adc58a93acc0aa16,1,2.353540,2.461062,-0.107522,0.168786,1,GB-wp,ai
/content/nlp_project/repos/ghostbuster/data/wp/gpt/logprobs/993-ada.txt,f8796e1fea5cb21f7d5278a8ba97e6ead7583127,1,4.047980,4.291847,-0.243867,0.032441,1,GB-wp,ai
/content/nlp_project/repos/ghostbuster/data/wp/human/logprobs/448-ada.txt,11a7372c5dc7846817b61f056b529b6e42a45517,0,3.936102,4.129347,-0.193245,0.083064,1,GB-wp,human
/content/nlp_project/repos/ghostbuster/data/wp/gpt_writing/logprobs/897-davinci.txt,06f696820b61892741941b75e64a8bd448ce6cb1,1,3.911572,4.168527,-0.256955,0.019353,1,GB-wp,ai
/content/nlp_project/repos/ghostbuster/data/wp/gpt_semantic/logprobs/899-ada.txt,566f00f1a0803a89ffb830652bb7c48f049d88d8,1,3.815532,4.060462,-0.244930,0.031378,1,GB-wp,ai
/content/nlp_project/repos/ghostbuster/data/wp/gpt_prompt2/logprobs/493-davinci.txt,d1c8f155ced1618d8361feb5c3c0e8af63c2cbb4,1,3.907011,4.177718,-0.270707,0.005602,1,GB-wp,ai
/content/nlp_project/repos/ghostbuster/data/wp/human/logprobs/624-davinci.txt,feca7962791f5e790e427f10b987d51069b2084b,0,3.942168,4.161940,-0.219772,0.056537,1,GB-wp,human
/content/nlp_project/repos/ghostbuster/data/wp/gpt/logprobs/526-ada.txt,f1d6e47108a83a603b566cf5f27c3e8589dcab5b,1,3.872151,4.115487,-0.243336,0.032973,1,GB-wp,ai
/content/nlp_project/repos/ghostbuster/data/wp/human/logprobs/764-davinci.txt,659411b7938f3d0fcdbf8837f07c9ebdcdb07eac,0,3.858740,4.076280,-0.217540,0.058769,1,GB-wp,human
/content/nlp_project/repos/ghostbuster/data/wp/human/740.txt,fdd5f61cd9bc7eb55d5916a8e4bb971c6dd6bdf2,0,2.867550,3.020143,-0.152594,0.123715,1,GB-wp,human
/content/nlp_project/repos/ghostbuster/data/wp/human/242.txt,9baeacd9d3e2f4d0bbc6f31e9d2e021783e0847f,0,2.774867,3.001658,-0.226790,0.049518,1,GB-wp,human
/content/nlp_project/repos/ghostbuster/data/wp/claude/logprobs/745-davinci.txt,0907a18668d52f36ae6ef581d49289b2b45392f4,1,3.911082,4.156296,-0.245214,0.031095,1,GB-wp,ai
/content/nlp_project/repos/ghostbuster/data/wp/human/logprobs/831-davinci.txt,b8c394595cf2c51b0804c0fa0b7934e3274860eb,0,3.966219,4.214052,-0.247833,0.028475,1,GB-wp,human
/content/nlp_project/repos/ghostbuster/data/wp/gpt/logprobs/340-ada.txt,5e037aaf1ba466d721edaf0269a32f93f8c0fec1,1,3.915183,4.154020,-0.238837,0.037472,1,GB-wp,ai
/content/nlp_project/repos/ghostbuster/data/wp/human/459.txt,5a3878bcdf0c834ed6e5e289ca93791fcd0d15ef,0,2.593672,2.783104,-0.189432,0.086877,1,GB-wp,human
/content/nlp_project/repos/ghostbuster/data/wp/gpt_prompt2/logprobs/253-davinci.txt,b333c73983b0ce0af5c554392b9faae4c2995100,1,3.929771,4.177829,-0.248058,0.028250,1,GB-wp,ai
/content/nlp_project/repos/ghostbuster/data/wp/human/logprobs/201-davinci.txt,698de8fa26f1896f21a0252457395a9dd7ce0b8d,0,3.874992,4.095477,-0.220485,0.055824,1,GB-wp,human
/content/nlp_project/repos/ghostbuster/data/wp/human/logprobs/126-ada.txt,2d693ebdc56320c0e6ecdb80e1ac9255a46cabb3,0,3.966394,4.179191,-0.212798,0.063511,1,GB-wp,human
/content/nlp_project/repos/ghostbuster/data/wp/gpt_prompt2/logprobs/223-ada.txt,c36095bb9f373771f285fc889b337fdbce02c6b3,1,3.949772,4.211967,-0.262195,0.014113,1,GB-wp,ai
/content/nlp_project/repos/ghostbuster/data/wp/gpt_writing/logprobs/571-davinci.txt,bdcd12d066a4005bd901c9cde6d220c6d82dae3d,1,3.880468,4.134719,-0.254251,0.022058,1,GB-wp,ai
/content/nlp_project/repos/ghostbuster/data/wp/gpt_prompt1/logprobs/818-ada.txt,1fabc5c7505f7f19d0bb30af0b7773361c90aac1,1,3.927273,4.164341,-0.237068,0.039240,1,GB-wp,ai
/content/nlp_project/repos/ghostbuster/data/wp/human/logprobs/765-ada.txt,1b9cc5c2c9ca2e15a0e9c53b924b0e4015e025a6,0,3.839248,4.080952,-0.241704,0.034604,1,GB-wp,human
/content/nlp_project/repos/ghostbuster/data/wp/gpt/856.txt,d2d6663c119d1e10506a5170ec35604614da385e,1,2.912755,3.015306,-0.102551,0.173758,1,GB-wp,ai
/content/nlp_project/repos/ghostbuster/data/wp/claude/736.txt,c0f3ba6b96aedc6fc9d5d9e74da8a5c4f8bfd273,1,2.302746,2.419508,-0.116761,0.159547,1,GB-wp,ai
/content/nlp_project/repos/ghostbuster/data/wp/human/logprobs/818-ada.txt,2e2e455a3d6ee92b24bbe2adad558c93156f92d7,0,3.941535,4.172459,-0.230923,0.045385,1,GB-wp,human
/content/nlp_project/repos/ghostbuster/data/wp/gpt_prompt2/667.txt,0abce62f9885dabd5dd334b11a9aaec275411ba6,1,2.487745,2.442198,0.045547,0.321856,1,GB-wp,ai
/content/nlp_project/repos/ghostbuster/data/wp/gpt_semantic/logprobs/692-ada.txt,3b9118119dbfa1a70d729871823b8685bebe12e1,1,3.888001,4.119435,-0.231434,0.044875,1,GB-wp,ai
/content/nlp_project/repos/ghostbuster/data/wp/claude/logprobs/110-ada.txt,897e4c28371572bd1f3ec03b6116333a64016076,1,3.868395,4.107324,-0.238929,0.037380,1,GB-wp,ai
/content/nlp_project/repos/ghostbuster/data/wp/gpt_prompt2/402.txt,9e285c4d47a74801deae4e25c41e0b8ca2b2bf83,1,2.775284,2.783381,-0.008097,0.268212,1,GB-wp,ai
/content/nlp_project/repos/ghostbuster/data/wp/gpt_prompt1/612.txt,8984d513d5d97d77dc506be57ed9e0f00ded75a7,1,2.916896,3.028159,-0.111264,0.165045,1,GB-wp,ai
/content/nlp_project/repos/ghostbuster/data/wp/human/logprobs/949-ada.txt,fe3e69ede1e2972995bba5787b5136bf02e10c52,0,3.818924,4.053055,-0.234131,0.042178,1,GB-wp,human
/content/nlp_project/repos/ghostbuster/data/wp/claude/logprobs/895-ada.txt,20ab18ca2f24f3221a01b34277669f947a0c24e1,1,3.893318,4.109289,-0.215971,0.060337,1,GB-wp,ai
/content/nlp_project/repos/ghostbuster/data/wp/gpt_prompt2/logprobs/863-davinci.txt,2ea8619bdd9d612aa91f2acf4acef9d34cff131e,1,3.897878,4.171807,-0.273930,0.002379,1,GB-wp,ai
/content/nlp_project/repos/ghostbuster/data/wp/human/logprobs/732-ada.txt,a7f897437cd3e080e13ded4c2d62234de95c31f6,0,3.830173,4.059364,-0.229191,0.047117,1,GB-wp,human
/content/nlp_project/repos/ghostbuster/data/wp/claude/logprobs/485-davinci.txt,aded3ad61e1e8107da83de612a2bfb243ecd62d1,1,3.983968,4.203532,-0.219565,0.056744,1,GB-wp,ai
/content/nlp_project/repos/ghostbuster/data/wp/gpt_writing/logprobs/918-davinci.txt,5247881687176959ddc70449184f245c6c0b35e3,1,3.881271,4.153907,-0.272636,0.003672,1,GB-wp,ai
/content/nlp_project/repos/ghostbuster/data/wp/gpt_writing/logprobs/267-ada.txt,9cd1e230b0f93c89d82f6caef663316f3e377719,1,4.084381,4.334391,-0.250010,0.026299,1,GB-wp,ai
/content/nlp_project/repos/ghostbuster/data/wp/human/logprobs/877-ada.txt,9739ec9bfbe2263d5f1da9b3503bd1fc2208c274,0,3.910107,4.133698,-0.223591,0.052718,1,GB-wp,human
/content/nlp_project/repos/ghostbuster/data/wp/human/logprobs/517-davinci.txt,9c4bb9aed3bcfa7a52c012970f19af38ebbbd1a5,0,3.991173,4.182232,-0.191059,0.085249,1,GB-wp,human
/content/nlp_project/repos/ghostbuster/data/wp/human/969.txt,ba3820414c9e52224b6ffd6a5c4359229654d64e,0,3.048833,3.268782,-0.219949,0.056360,1,GB-wp,human
/content/nlp_project/repos/ghostbuster/data/wp/gpt_semantic/logprobs/323-davinci.txt,ef58fbb0b45fbe3edbf4b27df593f08ea2490ecd,1,3.953536,4.209914,-0.256378,0.019931,1,GB-wp,ai
/content/nlp_project/repos/ghostbuster/data/wp/human/logprobs/146-davinci.txt,a74e6e69294a2a44fc6a881d38ff4c292f5853f6,0,3.794472,4.032675,-0.238204,0.038105,1,GB-wp,human
/content/nlp_project/repos/ghostbuster/data/wp/gpt_prompt2/logprobs/696-davinci.txt,76b009f27a5b486d1b1086dec41599944f5c1f35,1,3.907172,4.148160,-0.240988,0.035320,1,GB-wp,ai
/content/nlp_project/repos/ghostbuster/data/wp/gpt_prompt1/logprobs/539-davinci.txt,6b4252b11de21ed771d189c2d100e2004d68f42e,1,3.958195,4.195825,-0.237630,0.038679,1,GB-wp,ai
/content/nlp_project/repos/ghostbuster/data/wp/gpt_prompt1/logprobs/483-ada.txt,d564982d6b5a6e2bdba2f519c650e106abb06e01,1,3.969849,4.231945,-0.262096,0.014213,1,GB-wp,ai
/content/nlp_project/repos/ghostbuster/data/wp/gpt_semantic/logprobs/266-ada.txt,5b79c23c3a5fc8424d3af1b5f3df7ebefa629838,1,4.036823,4.260559,-0.223736,0.052572,1,GB-wp,ai
/content/nlp_project/repos/ghostbuster/data/wp/gpt/21.txt,7c89a06c56c4e16cc32ffd10fab2762c4740a2c6,1,3.053271,3.096375,-0.043103,0.233205,1,GB-wp,ai
/content/nlp_project/repos/ghostbuster/data/wp/gpt_writing/249.txt,a0054f4c0a3710fc75888b81f4153eb19b495bf4,1,2.870192,2.861083,0.009109,0.285418,1,GB-wp,ai
/content/nlp_project/repos/ghostbuster/data/wp/claude/759.txt,856f0735e5c0b87ad6b788cba231efdafc657ae9,1,2.611783,2.737102,-0.125318,0.150990,1,GB-wp,ai
/content/nlp_project/repos/ghostbuster/data/wp/gpt_prompt2/330.txt,98c89e72d1071b93055b00c7ebb2bc6516fd9435,1,2.560579,2.607561,-0.046982,0.229327,1,GB-wp,ai
/content/nlp_project/repos/ghostbuster/data/wp/gpt_semantic/54.txt,dde558e87de5d70d2572ce3b755a9b41e4fed617,1,2.796228,2.887759,-0.091531,0.184778,1,GB-wp,ai
/content/nlp_project/repos/ghostbuster/data/wp/gpt_prompt2/logprobs/540-davinci.txt,0a3837a79076413381a7486c65fcb84ac0a9ad75,1,3.831083,4.111990,-0.280907,-0.004598,0,GB-wp,ai
/content/nlp_project/repos/ghostbuster/data/wp/human/logprobs/324-ada.txt,546205d4b8044fa5247a643c7f5ed25a15c67bae,0,3.827865,4.046364,-0.218499,0.057809,1,GB-wp,human
/content/nlp_project/repos/ghostbuster/data/wp/gpt_prompt1/logprobs/770-ada.txt,3c6f7f950b3aed4f559175dd99caeeb6c930cea6,1,3.916243,4.144350,-0.228107,0.048201,1,GB-wp,ai
/content/nlp_project/repos/ghostbuster/data/wp/gpt_writing/logprobs/358-ada.txt,146cd6c11b84415c4d118a4398d74ff0530a5ea8,1,3.901492,4.129401,-0.227909,0.048399,1,GB-wp,ai
/content/nlp_project/repos/ghostbuster/data/wp/gpt_writing/394.txt,4b021b0f982bd1d735f476c2afe5dad6346a49ba,1,2.719486,2.774976,-0.055490,0.220819,1,GB-wp,ai
/content/nlp_project/repos/ghostbuster/data/wp/human/logprobs/456-davinci.txt,a9b060952dd1451bfa60357da601181d94e67eda,0,3.931564,4.152049,-0.220485,0.055823,1,GB-wp,human
/content/nlp_project/repos/ghostbuster/data/wp/human/logprobs/13-davinci.txt,31f86e7a28d159ff00eca8d4dc81c319fad95b54,0,3.981866,4.214585,-0.232719,0.043589,1,GB-wp,human
/content/nlp_project/repos/ghostbuster/data/wp/human/logprobs/192-davinci.txt,d87350423cd1eef36c4f057a20012a83d2cc6c55,0,3.981372,4.164108,-0.182736,0.093573,1,GB-wp,human
/content/nlp_project/repos/ghostbuster/data/wp/gpt_prompt2/473.txt,7481898feb67f187e130bcf5117cc3ebd0f9c829,1,3.170139,3.239583,-0.069444,0.206864,1,GB-wp,ai
/content/nlp_project/repos/ghostbuster/data/wp/human/logprobs/467-ada.txt,2776d3a0b6d961e6cc3e56f010f8d1cf912f3306,0,3.818292,4.056561,-0.238269,0.038040,1,GB-wp,human
/content/nlp_project/repos/ghostbuster/data/wp/human/logprobs/550-ada.txt,9cff78042d008d03ac60863843f6eaf87e3f241f,0,3.926163,4.132148,-0.205985,0.070324,1,GB-wp,human
/content/nlp_project/repos/ghostbuster/data/wp/gpt/logprobs/561-ada.txt,c49c663482bbe68846d2320de146d79fd12b75ab,1,3.992624,4.228306,-0.235682,0.040627,1,GB-wp,ai
/content/nlp_project/repos/ghostbuster/data/wp/human/41.txt,74fe78b8f311535ec15af1ad9b08d38e0847e919,0,3.628768,3.739805,-0.111037,0.165271,1,GB-wp,human
/content/nlp_project/repos/ghostbuster/data/wp/gpt_semantic/logprobs/467-ada.txt,69bdd8f972e7c115531738654732863726d1bd2d,1,3.872522,4.124420,-0.251898,0.024411,1,GB-wp,ai
/content/nlp_project/repos/ghostbuster/data/wp/human/logprobs/694-ada.txt,c46413ebcc80549d38096136f2c4b3b7918fceb0,0,3.881932,4.115817,-0.233885,0.042423,1,GB-wp,human
/content/nlp_project/repos/ghostbuster/data/wp/human/177.txt,4fcb10539483b0dd6b0a5e2c317752654c71e225,0,3.478063,3.667219,-0.189156,0.087153,1,GB-wp,human
/content/nlp_project/repos/ghostbuster/data/wp/human/logprobs/131-davinci.txt,1f6ac57fcf69da046d0b0e24873616bafbc0e85c,0,3.857256,4.098326,-0.241070,0.035239,1,GB-wp,human
/content/nlp_project/repos/ghostbuster/data/wp/gpt_writing/logprobs/16-davinci.txt,8093d06ef589d2fc80b8d8c1c57b72dbf28786e4,1,3.878707,4.117849,-0.239142,0.037167,1,GB-wp,ai
/content/nlp_project/repos/ghostbuster/data/wp/human/139.txt,aa432e92c36d47d4d21a6a66fee026f33b109cce,0,3.175426,3.449667,-0.274241,0.002067,1,GB-wp,human
/content/nlp_project/repos/ghostbuster/data/wp/human/logprobs/241-ada.txt,7e0b0e7bc4f1eb430b5e31d370e117c6ed9987cc,0,3.857591,4.090421,-0.232830,0.043478,1,GB-wp,human
/content/nlp_project/repos/ghostbuster/data/wp/gpt/260.txt,9c3a0b9cce563307ac3e5a1b167016c480c8a7db,1,2.928616,2.913498,0.015118,0.291427,1,GB-wp,ai
/content/nlp_project/repos/ghostbuster/data/wp/human/logprobs/472-davinci.txt,15451be4e7d173a7e8b1053a084509700b9729d1,0,3.919639,4.154436,-0.234796,0.041512,1,GB-wp,human
/content/nlp_project/repos/ghostbuster/data/wp/human/logprobs/669-davinci.txt,0fe5bf41342857f2a91f7dabe57ed16324eea220,0,3.909708,4.168276,-0.258568,0.017741,1,GB-wp,human
/content/nlp_project/repos/ghostbuster/data/wp/human/logprobs/269-davinci.txt,d952c68f09563e456e8a9bb0b5ebb8a37151423d,0,3.810258,4.067012,-0.256754,0.019554,1,GB-wp,human
/content/nlp_project/repos/ghostbuster/data/wp/gpt_prompt2/577.txt,18ea19e2f66d8931307df4088c9e8d3df4fb42f5,1,2.361725,2.395630,-0.033905,0.242404,1,GB-wp,ai
/content/nlp_project/repos/ghostbuster/data/wp/gpt_prompt1/533.txt,1862028963494686908ddcc192c1d086b9dead80,1,2.687931,2.653448,0.034483,0.310791,1,GB-wp,ai
/content/nlp_project/repos/ghostbuster/data/wp/human/logprobs/671-davinci.txt,58080782c6c92e39abd4546b1402e8e01e34b91b,0,3.990364,4.203631,-0.213266,0.063042,1,GB-wp,human
/content/nlp_project/repos/ghostbuster/data/wp/gpt_writing/logprobs/83-ada.txt,996fddbab0409ffb14f323207bab25b22dba94a5,1,3.937429,4.184426,-0.246997,0.029312,1,GB-wp,ai
/content/nlp_project/repos/ghostbuster/data/wp/human/logprobs/684-ada.txt,99a7d070e6500eccdc8cb8b57c99926c2b798be1,0,4.083611,4.306666,-0.223055,0.053254,1,GB-wp,human
/content/nlp_project/repos/ghostbuster/data/wp/human/logprobs/836-davinci.txt,c7c64e94cd727d3914e39ce567738405150ccce3,0,3.931140,4.156469,-0.225328,0.050980,1,GB-wp,human
/content/nlp_project/repos/ghostbuster/data/wp/human/logprobs/339-davinci.txt,55ee92f46de3d20df7f863d4fb37ae68f4b34eaf,0,3.812993,4.044525,-0.231532,0.044777,1,GB-wp,human
/content/nlp_project/repos/ghostbuster/data/wp/human/logprobs/641-ada.txt,1db0b825e4ea8a5ad86fe4d6a0858751aafac92b,0,3.918627,4.143427,-0.224801,0.051508,1,GB-wp,human
/content/nlp_project/repos/ghostbuster/data/wp/gpt_prompt1/13.txt,8b78c2423531bbe23c9143ed9e5f2a36d2461c2d,1,2.903892,3.041863,-0.137972,0.138337,1,GB-wp,ai
/content/nlp_project/repos/ghostbuster/data/wp/gpt_prompt1/logprobs/746-davinci.txt,de4230f4f671a0360f48329042dd8ab81897cbba,1,3.846833,4.099068,-0.252235,0.024074,1,GB-wp,ai
/content/nlp_project/repos/ghostbuster/data/wp/gpt_writing/896.txt,37548ec95bd4494df74a3a547198b9093722aaae,1,2.840704,2.908269,-0.067566,0.208743,1,GB-wp,ai
/content/nlp_project/repos/ghostbuster/data/wp/claude/498.txt,e6dd61ef44ff130de1aeeeade58bba1e8b7f11f6,1,2.475060,2.687260,-0.212200,0.064109,1,GB-wp,ai
/content/nlp_project/repos/ghostbuster/data/wp/gpt_writing/logprobs/89-davinci.txt,b4de9f4c534cc5963a211f462e286587e3596c35,1,3.962609,4.220532,-0.257922,0.018386,1,GB-wp,ai
/content/nlp_project/repos/ghostbuster/data/wp/gpt/547.txt,89a0a069baaef0e8dc650889d8338fdf6c856daa,1,2.979196,3.051128,-0.071932,0.204376,1,GB-wp,ai
/content/nlp_project/repos/ghostbuster/data/wp/human/logprobs/826-ada.txt,5e5c23924eeec0ed4bbe0af786948db014a87d3d,0,3.837737,4.101795,-0.264058,0.012250,1,GB-wp,human
/content/nlp_project/repos/ghostbuster/data/wp/gpt_prompt1/556.txt,11043d14b64b92cf4a7dd1d2a18b6860f30ccb1f,1,2.726490,2.698013,0.028477,0.304785,1,GB-wp,ai
/content/nlp_project/repos/ghostbuster/data/wp/gpt_semantic/logprobs/719-davinci.txt,e59cf8a356b0221dab0634c588924fadb5481135,1,3.845968,4.107220,-0.261252,0.015057,1,GB-wp,ai
/content/nlp_project/repos/ghostbuster/data/wp/human/logprobs/164-davinci.txt,ef042b5927c27a9d916cee8e97df6462537f7502,0,3.916641,4.111707,-0.195066,0.081243,1,GB-wp,human
/content/nlp_project/repos/ghostbuster/data/wp/gpt_prompt2/336.txt,108973a0c53f57d0df75128ee51cd0729669d32e,1,3.036772,3.073659,-0.036887,0.239421,1,GB-wp,ai
/content/nlp_project/repos/ghostbuster/data/wp/human/1.txt,7c378d39926b860f8563593accaa76f6106c327f,0,3.556947,3.664802,-0.107855,0.168454,1,GB-wp,human
/content/nlp_project/repos/ghostbuster/data/wp/human/logprobs/776-ada.txt,f07bd1b5304d845e6b94b3732029d8323e38dbbf,0,3.873441,4.096718,-0.223277,0.053032,1,GB-wp,human
/content/nlp_project/repos/ghostbuster/data/wp/human/logprobs/698-ada.txt,546f841129abb47ae72bec05c7e07dcd36867744,0,3.835496,4.081813,-0.246318,0.029991,1,GB-wp,human
/content/nlp_project/repos/ghostbuster/data/wp/human/logprobs/840-davinci.txt,ef138e5f879c9cb72d2ae03d2202e4cebc7075fc,0,4.136330,4.304611,-0.168281,0.108028,1,GB-wp,human
/content/nlp_project/repos/ghostbuster/data/wp/human/logprobs/425-davinci.txt,4428f78bb47728bddded6f7f8e457fcd5580925e,0,3.819564,4.050599,-0.231035,0.045274,1,GB-wp,human
/content/nlp_project/repos/ghostbuster/data/wp/gpt_semantic/logprobs/787-ada.txt,6792cc173e291e12a51548595f0a5236ff2d9d60,1,3.909925,4.167627,-0.257702,0.018606,1,GB-wp,ai
/content/nlp_project/repos/ghostbuster/data/wp/claude/logprobs/198-ada.txt,32bf768e8b5adfe887012541b7794c78ae374546,1,3.888505,4.125462,-0.236957,0.039351,1,GB-wp,ai
/content/nlp_project/repos/ghostbuster/data/wp/human/logprobs/325-davinci.txt,cb442036134f7e095da0a7746e4993f67281169f,0,3.787053,4.027187,-0.240134,0.036175,1,GB-wp,human
/content/nlp_project/repos/ghostbuster/data/wp/gpt/583.txt,7862bc421dd568a1140f1484c3b3aa4690857dde,1,2.957495,3.075810,-0.118315,0.157994,1,GB-wp,ai
/content/nlp_project/repos/ghostbuster/data/wp/human/486.txt,6680b2a83be548664b932085d6d1e8fdb137aaf7,0,3.241549,3.444836,-0.203286,0.073022,1,GB-wp,human
/content/nlp_project/repos/ghostbuster/data/wp/human/logprobs/777-ada.txt,c46ef24b4bc45dae77942f4274f83bde8eb1f7a2,0,3.883350,4.098691,-0.215341,0.060968,1,GB-wp,human
/content/nlp_project/repos/ghostbuster/data/wp/human/619.txt,b1dab861ee05e3032cd2369809f14ff8d8cd2146,0,2.980643,3.264415,-0.283773,-0.007464,0,GB-wp,human
/content/nlp_project/repos/ghostbuster/data/wp/gpt_writing/479.txt,c54829d307c2adedc5ed6a4c963856e36d5b7c57,1,3.134354,3.258220,-0.123866,0.152442,1,GB-wp,ai
/content/nlp_project/repos/ghostbuster/data/wp/human/logprobs/362-ada.txt,01110c29a149fb3d7d172cf8d9c1b94f7cc13f73,0,3.804225,4.075884,-0.271659,0.004650,1,GB-wp,human
/content/nlp_project/repos/ghostbuster/data/wp/gpt_prompt2/logprobs/915-davinci.txt,6769facf9bcd26313c21c12e902e48bf2d847e4f,1,3.868204,4.103563,-0.235359,0.040950,1,GB-wp,ai
/content/nlp_project/repos/ghostbuster/data/wp/gpt_writing/logprobs/572-davinci.txt,4aaa90c431df0024c776e74f9465f6ab4646ed3d,1,3.830274,4.106582,-0.276309,0.000000,1,GB-wp,ai
/content/nlp_project/repos/ghostbuster/data/wp/human/logprobs/89-ada.txt,0723e2d2f163f19c4bf87744935a98ead756b158,0,4.088560,4.306182,-0.217622,0.058687,1,GB-wp,human
/content/nlp_project/repos/ghostbuster/data/wp/gpt_prompt2/855.txt,9e184436609a1f8b0223c504bd162b01dab45429,1,2.536212,2.520655,0.015558,0.291867,1,GB-wp,ai
/content/nlp_project/repos/ghostbuster/data/wp/human/logprobs/90-ada.txt,09598ae2629b43931df517940a02f38436f53ea0,0,3.883867,4.089026,-0.205159,0.071149,1,GB-wp,human
/content/nlp_project/repos/ghostbuster/data/wp/gpt_semantic/logprobs/81-ada.txt,d45c16f784099f030a689a0e1b22ba9bde01b9e0,1,3.942966,4.183380,-0.240414,0.035895,1,GB-wp,ai
/content/nlp_project/repos/ghostbuster/data/wp/human/632.txt,2bc85b9c47588bbc7be06bb3e9ad9633df57db8f,0,2.957714,3.194548,-0.236834,0.039475,1,GB-wp,human
/content/nlp_project/repos/ghostbuster/data/wp/claude/logprobs/956-ada.txt,56bdd6cb2667720c35cf0b6df3824b2a89908c7c,1,3.911196,4.167478,-0.256282,0.020026,1,GB-wp,ai
/content/nlp_project/repos/ghostbuster/data/wp/human/92.txt,ad83b530f726922162f76bfda679d777a0ecb055,0,3.211275,3.397662,-0.186387,0.089922,1,GB-wp,human
/content/nlp_project/repos/ghostbuster/data/wp/human/720.txt,4945b0d163f8e19587fb4485c3c0f5a1d05550b9,0,3.127415,3.388285,-0.260870,0.015439,1,GB-wp,human
/content/nlp_project/repos/ghostbuster/data/wp/human/logprobs/298-davinci.txt,44e9aecce69b91179b6c351fbedaadb99e9890e7,0,3.758322,3.992094,-0.233772,0.042537,1,GB-wp,human
/content/nlp_project/repos/ghostbuster/data/wp/human/logprobs/536-ada.txt,f822918d6e70aa372bf40d4aebf724313e56f0ce,0,3.881403,4.106873,-0.225470,0.050839,1,GB-wp,human
/content/nlp_project/repos/ghostbuster/data/wp/human/logprobs/592-ada.txt,a76c72fd1eb3a304516c4fe1ff083060bb64a3aa,0,3.953431,4.178064,-0.224633,0.051675,1,GB-wp,human
/content/nlp_project/repos/ghostbuster/data/wp/gpt_prompt2/635.txt,b662e372c876fb1ec47cee61b9bc8a1b940d5e66,1,2.756745,2.875899,-0.119155,0.157154,1,GB-wp,ai
/content/nlp_project/repos/ghostbuster/data/wp/human/logprobs/204-ada.txt,853983a6cb9ccf81bf0643d582ac938c79cc1cbc,0,3.994420,4.200744,-0.206324,0.069984,1,GB-wp,human
/content/nlp_project/repos/ghostbuster/data/wp/human/logprobs/621-davinci.txt,444edfd6d30e6f793ac492f14eef9f96218749f5,0,3.864512,4.114569,-0.250057,0.026252,1,GB-wp,human
/content/nlp_project/repos/ghostbuster/data/wp/human/logprobs/823-davinci.txt,1810ee51c4e473104599120259a4458424693324,0,3.886050,4.112043,-0.225993,0.050315,1,GB-wp,human
/content/nlp_project/repos/ghostbuster/data/wp/human/logprobs/967-davinci.txt,7aea942a71e57a8879b27eea7c7c56e7fbb98546,0,3.799417,4.028774,-0.229357,0.046952,1,GB-wp,human
/content/nlp_project/repos/ghostbuster/data/wp/human/logprobs/305-davinci.txt,5aa6b2e3ce5c620085b380c9c32808c7e9f3260d,0,3.898358,4.111714,-0.213356,0.062953,1,GB-wp,human
/content/nlp_project/repos/ghostbuster/data/wp/gpt_prompt1/643.txt,31dc59728039b62d10cfa95b02d518de3afbf7fc,1,3.161853,3.160776,0.001078,0.277386,1,GB-wp,ai
/content/nlp_project/repos/ghostbuster/data/wp/gpt_writing/logprobs/615-davinci.txt,73ab9e444b421756946fed8644cb3efd419cd2dc,1,3.850776,4.111475,-0.260698,0.015610,1,GB-wp,ai
/content/nlp_project/repos/ghostbuster/data/wp/gpt/506.txt,bc7fd920f07976fecc09a9e4c447264b781972b7,1,2.736711,2.753337,-0.016626,0.259682,1,GB-wp,ai
/content/nlp_project/repos/ghostbuster/data/wp/gpt_semantic/logprobs/247-davinci.txt,7b16b04f2dec746eb57e7b37b29146620e191aff,1,3.963806,4.209505,-0.245699,0.030610,1,GB-wp,ai
